run_file,tag,step,wall_time,value,type
events.out.tfevents.1771950289.0b5e3829cdda.1883.0,train/loss,5,1771950520.1589146,0.7863684892654419,scalar
events.out.tfevents.1771950289.0b5e3829cdda.1883.0,train/loss,10,1771950744.652531,0.6578422784805298,scalar
events.out.tfevents.1771950289.0b5e3829cdda.1883.0,train/loss,15,1771950997.6893966,0.6033447980880737,scalar
events.out.tfevents.1771950289.0b5e3829cdda.1883.0,train/loss,20,1771951222.9559605,0.5588706135749817,scalar
events.out.tfevents.1771950289.0b5e3829cdda.1883.0,train/loss,25,1771951476.564811,0.5324121713638306,scalar
events.out.tfevents.1771950289.0b5e3829cdda.1883.0,train/loss,30,1771951703.678087,0.5138047933578491,scalar
events.out.tfevents.1771950289.0b5e3829cdda.1883.0,train/loss,35,1771951957.5928633,0.5039979219436646,scalar
events.out.tfevents.1771950289.0b5e3829cdda.1883.0,train/loss,40,1771952184.977365,0.49399232864379883,scalar
events.out.tfevents.1771950289.0b5e3829cdda.1883.0,train/loss,45,1771952436.1970143,0.48473644256591797,scalar
events.out.tfevents.1771950289.0b5e3829cdda.1883.0,train/loss,50,1771952691.4862638,0.4751473069190979,scalar
events.out.tfevents.1771950289.0b5e3829cdda.1883.0,train/loss,55,1771952941.1622798,0.4653523862361908,scalar
events.out.tfevents.1771950289.0b5e3829cdda.1883.0,train/loss,60,1771953164.4899695,0.46954256296157837,scalar
events.out.tfevents.1771950289.0b5e3829cdda.1883.0,train/loss,65,1771953413.8976629,0.4640064239501953,scalar
events.out.tfevents.1771950289.0b5e3829cdda.1883.0,train/loss,70,1771953637.9162772,0.4624260365962982,scalar
events.out.tfevents.1771950289.0b5e3829cdda.1883.0,train/loss,75,1771953886.6267505,0.45026445388793945,scalar
events.out.tfevents.1771950289.0b5e3829cdda.1883.0,train/loss,80,1771954110.5507407,0.45072221755981445,scalar
events.out.tfevents.1771950289.0b5e3829cdda.1883.0,train/loss,85,1771954359.445004,0.4488089680671692,scalar
events.out.tfevents.1771950289.0b5e3829cdda.1883.0,train/loss,90,1771954583.7788367,0.44534292817115784,scalar
events.out.tfevents.1771950289.0b5e3829cdda.1883.0,train/loss,95,1771954861.9503064,0.43833526968955994,scalar
events.out.tfevents.1771950289.0b5e3829cdda.1883.0,train/loss,100,1771955086.6440296,0.4317165017127991,scalar
events.out.tfevents.1771950289.0b5e3829cdda.1883.0,train/loss,105,1771955335.6314325,0.43147334456443787,scalar
events.out.tfevents.1771950289.0b5e3829cdda.1883.0,train/loss,110,1771955559.1786716,0.4343777298927307,scalar
events.out.tfevents.1771950289.0b5e3829cdda.1883.0,train/loss,115,1771955808.4192722,0.4309433102607727,scalar
events.out.tfevents.1771950289.0b5e3829cdda.1883.0,train/loss,120,1771956031.0590599,0.4258371889591217,scalar
events.out.tfevents.1771950289.0b5e3829cdda.1883.0,train/loss,125,1771956280.266571,0.42702728509902954,scalar
events.out.tfevents.1771950289.0b5e3829cdda.1883.0,train/loss,130,1771956503.75632,0.42473214864730835,scalar
events.out.tfevents.1771950289.0b5e3829cdda.1883.0,train/loss,135,1771956752.3722608,0.4272859990596771,scalar
events.out.tfevents.1771950289.0b5e3829cdda.1883.0,train/loss,140,1771956975.5024018,0.42482995986938477,scalar
events.out.tfevents.1771950289.0b5e3829cdda.1883.0,train/loss,145,1771957254.9605238,0.41827982664108276,scalar
events.out.tfevents.1771950289.0b5e3829cdda.1883.0,train/loss,150,1771957478.449767,0.4189303517341614,scalar
events.out.tfevents.1771950289.0b5e3829cdda.1883.0,train/loss,155,1771957728.4266622,0.41438525915145874,scalar
events.out.tfevents.1771950289.0b5e3829cdda.1883.0,train/loss,160,1771957952.5468338,0.40802305936813354,scalar
events.out.tfevents.1771950289.0b5e3829cdda.1883.0,train/loss,165,1771958201.5172896,0.4103655219078064,scalar
events.out.tfevents.1771950289.0b5e3829cdda.1883.0,train/loss,170,1771958424.7433462,0.410738468170166,scalar
events.out.tfevents.1771950289.0b5e3829cdda.1883.0,train/loss,175,1771958673.7335966,0.41368770599365234,scalar
events.out.tfevents.1771950289.0b5e3829cdda.1883.0,train/loss,180,1771958896.0479796,0.41501742601394653,scalar
events.out.tfevents.1771950289.0b5e3829cdda.1883.0,train/loss,185,1771959144.5239172,0.4151970446109772,scalar
events.out.tfevents.1771950289.0b5e3829cdda.1883.0,train/loss,190,1771959399.8223708,0.4057800769805908,scalar
events.out.tfevents.1771950289.0b5e3829cdda.1883.0,train/loss,195,1771959660.0715344,0.4032110273838043,scalar
events.out.tfevents.1771950289.0b5e3829cdda.1883.0,train/loss,200,1771959886.028411,0.40820208191871643,scalar
events.out.tfevents.1771950289.0b5e3829cdda.1883.0,train/loss,205,1771960136.061238,0.40467000007629395,scalar
events.out.tfevents.1771950289.0b5e3829cdda.1883.0,train/loss,210,1771960361.4525402,0.4041289687156677,scalar
events.out.tfevents.1771950289.0b5e3829cdda.1883.0,train/loss,215,1771960612.4757264,0.4018312990665436,scalar
events.out.tfevents.1771950289.0b5e3829cdda.1883.0,train/loss,220,1771960838.2477162,0.39643460512161255,scalar
events.out.tfevents.1771950289.0b5e3829cdda.1883.0,train/loss,225,1771961088.9526136,0.40255188941955566,scalar
events.out.tfevents.1771950289.0b5e3829cdda.1883.0,train/loss,230,1771961314.3143156,0.40112265944480896,scalar
events.out.tfevents.1771950289.0b5e3829cdda.1883.0,train/loss,235,1771961559.9332175,0.39853647351264954,scalar
events.out.tfevents.1771950289.0b5e3829cdda.1883.0,train/loss,240,1771961824.0950274,0.3968297839164734,scalar
events.out.tfevents.1771950289.0b5e3829cdda.1883.0,train/loss,245,1771962075.0836406,0.3944167494773865,scalar
events.out.tfevents.1771950289.0b5e3829cdda.1883.0,train/loss,250,1771962299.7640786,0.3950583338737488,scalar
events.out.tfevents.1771950289.0b5e3829cdda.1883.0,train/loss,255,1771962550.887806,0.3960583209991455,scalar
events.out.tfevents.1771950289.0b5e3829cdda.1883.0,train/loss,260,1771962775.9729009,0.39693182706832886,scalar
events.out.tfevents.1771950289.0b5e3829cdda.1883.0,train/loss,265,1771963026.5875638,0.39713919162750244,scalar
events.out.tfevents.1771950289.0b5e3829cdda.1883.0,train/loss,270,1771963252.0734384,0.39011186361312866,scalar
events.out.tfevents.1771950289.0b5e3829cdda.1883.0,train/loss,275,1771963503.5876038,0.3888487219810486,scalar
events.out.tfevents.1771950289.0b5e3829cdda.1883.0,train/loss,280,1771963729.4562879,0.3893781006336212,scalar
events.out.tfevents.1771950289.0b5e3829cdda.1883.0,train/loss,285,1771964012.1583061,0.38979053497314453,scalar
events.out.tfevents.1771950289.0b5e3829cdda.1883.0,train/loss,290,1771964238.3128195,0.3929712772369385,scalar
events.out.tfevents.1771950289.0b5e3829cdda.1883.0,train/loss,295,1771964489.3854568,0.38764244318008423,scalar
events.out.tfevents.1771950289.0b5e3829cdda.1883.0,train/loss,300,1771964714.4577672,0.38599202036857605,scalar
events.out.tfevents.1771950289.0b5e3829cdda.1883.0,train/loss,305,1771964965.345439,0.38752782344818115,scalar
events.out.tfevents.1771950289.0b5e3829cdda.1883.0,train/loss,310,1771965195.54648,0.3881717920303345,scalar
events.out.tfevents.1771950289.0b5e3829cdda.1883.0,train/loss,315,1771965449.8343914,0.38911935687065125,scalar
events.out.tfevents.1771950289.0b5e3829cdda.1883.0,train/loss,320,1771965674.3276966,0.38055306673049927,scalar
events.out.tfevents.1771950289.0b5e3829cdda.1883.0,train/loss,325,1771965928.9402502,0.3841686546802521,scalar
events.out.tfevents.1771950289.0b5e3829cdda.1883.0,train/loss,330,1771966186.9850976,0.38648679852485657,scalar
events.out.tfevents.1771950289.0b5e3829cdda.1883.0,train/loss,335,1771966448.7101624,0.379332959651947,scalar
events.out.tfevents.1771950289.0b5e3829cdda.1883.0,train/loss,340,1771966682.816058,0.38910311460494995,scalar
events.out.tfevents.1771950289.0b5e3829cdda.1883.0,train/loss,345,1771966944.8396344,0.3807183802127838,scalar
events.out.tfevents.1771950289.0b5e3829cdda.1883.0,train/loss,350,1771967179.1070905,0.38422471284866333,scalar
events.out.tfevents.1771950289.0b5e3829cdda.1883.0,train/loss,355,1771967440.053482,0.3806301951408386,scalar
events.out.tfevents.1771950289.0b5e3829cdda.1883.0,train/loss,360,1771967672.3659286,0.38001662492752075,scalar
events.out.tfevents.1771950289.0b5e3829cdda.1883.0,train/loss,365,1771967932.4728005,0.3806453049182892,scalar
events.out.tfevents.1771950289.0b5e3829cdda.1883.0,train/loss,370,1771968164.694686,0.38185203075408936,scalar
events.out.tfevents.1771950289.0b5e3829cdda.1883.0,train/loss,375,1771968424.035577,0.38133367896080017,scalar
events.out.tfevents.1771950289.0b5e3829cdda.1883.0,train/grad_norm,5,1771950520.158968,0.1044921875,scalar
events.out.tfevents.1771950289.0b5e3829cdda.1883.0,train/grad_norm,10,1771950744.6525805,0.3828125,scalar
events.out.tfevents.1771950289.0b5e3829cdda.1883.0,train/grad_norm,15,1771950997.6894403,0.07080078125,scalar
events.out.tfevents.1771950289.0b5e3829cdda.1883.0,train/grad_norm,20,1771951222.9560041,0.06982421875,scalar
events.out.tfevents.1771950289.0b5e3829cdda.1883.0,train/grad_norm,25,1771951476.5648873,0.041748046875,scalar
events.out.tfevents.1771950289.0b5e3829cdda.1883.0,train/grad_norm,30,1771951703.6781325,0.039794921875,scalar
events.out.tfevents.1771950289.0b5e3829cdda.1883.0,train/grad_norm,35,1771951957.5929086,0.04443359375,scalar
events.out.tfevents.1771950289.0b5e3829cdda.1883.0,train/grad_norm,40,1771952184.97741,0.027099609375,scalar
events.out.tfevents.1771950289.0b5e3829cdda.1883.0,train/grad_norm,45,1771952436.197058,0.03515625,scalar
events.out.tfevents.1771950289.0b5e3829cdda.1883.0,train/grad_norm,50,1771952691.4863105,0.0302734375,scalar
events.out.tfevents.1771950289.0b5e3829cdda.1883.0,train/grad_norm,55,1771952941.1623244,0.058349609375,scalar
events.out.tfevents.1771950289.0b5e3829cdda.1883.0,train/grad_norm,60,1771953164.4900131,0.048095703125,scalar
events.out.tfevents.1771950289.0b5e3829cdda.1883.0,train/grad_norm,65,1771953413.8977072,0.038818359375,scalar
events.out.tfevents.1771950289.0b5e3829cdda.1883.0,train/grad_norm,70,1771953637.9163213,0.037841796875,scalar
events.out.tfevents.1771950289.0b5e3829cdda.1883.0,train/grad_norm,75,1771953886.6267958,0.05615234375,scalar
events.out.tfevents.1771950289.0b5e3829cdda.1883.0,train/grad_norm,80,1771954110.5508168,0.034423828125,scalar
events.out.tfevents.1771950289.0b5e3829cdda.1883.0,train/grad_norm,85,1771954359.4450612,0.04345703125,scalar
events.out.tfevents.1771950289.0b5e3829cdda.1883.0,train/grad_norm,90,1771954583.7788947,0.060302734375,scalar
events.out.tfevents.1771950289.0b5e3829cdda.1883.0,train/grad_norm,95,1771954861.95035,0.03759765625,scalar
events.out.tfevents.1771950289.0b5e3829cdda.1883.0,train/grad_norm,100,1771955086.644073,0.051513671875,scalar
events.out.tfevents.1771950289.0b5e3829cdda.1883.0,train/grad_norm,105,1771955335.6314766,0.05712890625,scalar
events.out.tfevents.1771950289.0b5e3829cdda.1883.0,train/grad_norm,110,1771955559.1787171,0.044921875,scalar
events.out.tfevents.1771950289.0b5e3829cdda.1883.0,train/grad_norm,115,1771955808.4193146,0.042236328125,scalar
events.out.tfevents.1771950289.0b5e3829cdda.1883.0,train/grad_norm,120,1771956031.0591073,0.0458984375,scalar
events.out.tfevents.1771950289.0b5e3829cdda.1883.0,train/grad_norm,125,1771956280.2666144,0.037353515625,scalar
events.out.tfevents.1771950289.0b5e3829cdda.1883.0,train/grad_norm,130,1771956503.756363,0.0439453125,scalar
events.out.tfevents.1771950289.0b5e3829cdda.1883.0,train/grad_norm,135,1771956752.372304,0.04296875,scalar
events.out.tfevents.1771950289.0b5e3829cdda.1883.0,train/grad_norm,140,1771956975.5024452,0.046630859375,scalar
events.out.tfevents.1771950289.0b5e3829cdda.1883.0,train/grad_norm,145,1771957254.9605708,0.076171875,scalar
events.out.tfevents.1771950289.0b5e3829cdda.1883.0,train/grad_norm,150,1771957478.4498122,0.0673828125,scalar
events.out.tfevents.1771950289.0b5e3829cdda.1883.0,train/grad_norm,155,1771957728.4267082,0.047119140625,scalar
events.out.tfevents.1771950289.0b5e3829cdda.1883.0,train/grad_norm,160,1771957952.546904,0.04638671875,scalar
events.out.tfevents.1771950289.0b5e3829cdda.1883.0,train/grad_norm,165,1771958201.5173342,0.04541015625,scalar
events.out.tfevents.1771950289.0b5e3829cdda.1883.0,train/grad_norm,170,1771958424.743391,0.0546875,scalar
events.out.tfevents.1771950289.0b5e3829cdda.1883.0,train/grad_norm,175,1771958673.7336416,0.07666015625,scalar
events.out.tfevents.1771950289.0b5e3829cdda.1883.0,train/grad_norm,180,1771958896.0480227,0.06201171875,scalar
events.out.tfevents.1771950289.0b5e3829cdda.1883.0,train/grad_norm,185,1771959144.5239651,0.057861328125,scalar
events.out.tfevents.1771950289.0b5e3829cdda.1883.0,train/grad_norm,190,1771959399.8224168,0.049560546875,scalar
events.out.tfevents.1771950289.0b5e3829cdda.1883.0,train/grad_norm,195,1771959660.0715795,0.0517578125,scalar
events.out.tfevents.1771950289.0b5e3829cdda.1883.0,train/grad_norm,200,1771959886.0284567,0.0673828125,scalar
events.out.tfevents.1771950289.0b5e3829cdda.1883.0,train/grad_norm,205,1771960136.0612848,0.051025390625,scalar
events.out.tfevents.1771950289.0b5e3829cdda.1883.0,train/grad_norm,210,1771960361.4525857,0.0478515625,scalar
events.out.tfevents.1771950289.0b5e3829cdda.1883.0,train/grad_norm,215,1771960612.4757762,0.045166015625,scalar
events.out.tfevents.1771950289.0b5e3829cdda.1883.0,train/grad_norm,220,1771960838.247768,0.04638671875,scalar
events.out.tfevents.1771950289.0b5e3829cdda.1883.0,train/grad_norm,225,1771961088.9526591,0.0634765625,scalar
events.out.tfevents.1771950289.0b5e3829cdda.1883.0,train/grad_norm,230,1771961314.3143647,0.04296875,scalar
events.out.tfevents.1771950289.0b5e3829cdda.1883.0,train/grad_norm,235,1771961559.9332669,0.060791015625,scalar
events.out.tfevents.1771950289.0b5e3829cdda.1883.0,train/grad_norm,240,1771961824.0950704,0.038330078125,scalar
events.out.tfevents.1771950289.0b5e3829cdda.1883.0,train/grad_norm,245,1771962075.0836842,0.046630859375,scalar
events.out.tfevents.1771950289.0b5e3829cdda.1883.0,train/grad_norm,250,1771962299.7641225,0.043701171875,scalar
events.out.tfevents.1771950289.0b5e3829cdda.1883.0,train/grad_norm,255,1771962550.8878663,0.072265625,scalar
events.out.tfevents.1771950289.0b5e3829cdda.1883.0,train/grad_norm,260,1771962775.972952,0.0380859375,scalar
events.out.tfevents.1771950289.0b5e3829cdda.1883.0,train/grad_norm,265,1771963026.58761,0.04248046875,scalar
events.out.tfevents.1771950289.0b5e3829cdda.1883.0,train/grad_norm,270,1771963252.0734847,0.03759765625,scalar
events.out.tfevents.1771950289.0b5e3829cdda.1883.0,train/grad_norm,275,1771963503.5876505,0.043212890625,scalar
events.out.tfevents.1771950289.0b5e3829cdda.1883.0,train/grad_norm,280,1771963729.4563317,0.0498046875,scalar
events.out.tfevents.1771950289.0b5e3829cdda.1883.0,train/grad_norm,285,1771964012.1583562,0.051025390625,scalar
events.out.tfevents.1771950289.0b5e3829cdda.1883.0,train/grad_norm,290,1771964238.3128967,0.05126953125,scalar
events.out.tfevents.1771950289.0b5e3829cdda.1883.0,train/grad_norm,295,1771964489.3855028,0.07275390625,scalar
events.out.tfevents.1771950289.0b5e3829cdda.1883.0,train/grad_norm,300,1771964714.4578123,0.061767578125,scalar
events.out.tfevents.1771950289.0b5e3829cdda.1883.0,train/grad_norm,305,1771964965.3454828,0.04638671875,scalar
events.out.tfevents.1771950289.0b5e3829cdda.1883.0,train/grad_norm,310,1771965195.5465255,0.046875,scalar
events.out.tfevents.1771950289.0b5e3829cdda.1883.0,train/grad_norm,315,1771965449.8344367,0.05224609375,scalar
events.out.tfevents.1771950289.0b5e3829cdda.1883.0,train/grad_norm,320,1771965674.3277426,0.05224609375,scalar
events.out.tfevents.1771950289.0b5e3829cdda.1883.0,train/grad_norm,325,1771965928.9402952,0.03564453125,scalar
events.out.tfevents.1771950289.0b5e3829cdda.1883.0,train/grad_norm,330,1771966186.9851406,0.045654296875,scalar
events.out.tfevents.1771950289.0b5e3829cdda.1883.0,train/grad_norm,335,1771966448.7102075,0.03857421875,scalar
events.out.tfevents.1771950289.0b5e3829cdda.1883.0,train/grad_norm,340,1771966682.816102,0.040771484375,scalar
events.out.tfevents.1771950289.0b5e3829cdda.1883.0,train/grad_norm,345,1771966944.8396795,0.038330078125,scalar
events.out.tfevents.1771950289.0b5e3829cdda.1883.0,train/grad_norm,350,1771967179.107135,0.033935546875,scalar
events.out.tfevents.1771950289.0b5e3829cdda.1883.0,train/grad_norm,355,1771967440.0535257,0.04443359375,scalar
events.out.tfevents.1771950289.0b5e3829cdda.1883.0,train/grad_norm,360,1771967672.365973,0.035888671875,scalar
events.out.tfevents.1771950289.0b5e3829cdda.1883.0,train/grad_norm,365,1771967932.4728596,0.03564453125,scalar
events.out.tfevents.1771950289.0b5e3829cdda.1883.0,train/grad_norm,370,1771968164.6947315,0.041748046875,scalar
events.out.tfevents.1771950289.0b5e3829cdda.1883.0,train/grad_norm,375,1771968424.0356278,0.033447265625,scalar
events.out.tfevents.1771950289.0b5e3829cdda.1883.0,train/learning_rate,5,1771950520.158987,6.666666740784422e-05,scalar
events.out.tfevents.1771950289.0b5e3829cdda.1883.0,train/learning_rate,10,1771950744.6526048,0.0001500000071246177,scalar
events.out.tfevents.1771950289.0b5e3829cdda.1883.0,train/learning_rate,15,1771950997.6894572,0.00019890109251718968,scalar
events.out.tfevents.1771950289.0b5e3829cdda.1883.0,train/learning_rate,20,1771951222.95602,0.00019615385099314153,scalar
events.out.tfevents.1771950289.0b5e3829cdda.1883.0,train/learning_rate,25,1771951476.5649104,0.00019340659491717815,scalar
events.out.tfevents.1771950289.0b5e3829cdda.1883.0,train/learning_rate,30,1771951703.6781492,0.00019065933884121478,scalar
events.out.tfevents.1771950289.0b5e3829cdda.1883.0,train/learning_rate,35,1771951957.5929255,0.0001879120827652514,scalar
events.out.tfevents.1771950289.0b5e3829cdda.1883.0,train/learning_rate,40,1771952184.9774265,0.00018516484124120325,scalar
events.out.tfevents.1771950289.0b5e3829cdda.1883.0,train/learning_rate,45,1771952436.1970737,0.00018241758516523987,scalar
events.out.tfevents.1771950289.0b5e3829cdda.1883.0,train/learning_rate,50,1771952691.4863262,0.0001796703290892765,scalar
events.out.tfevents.1771950289.0b5e3829cdda.1883.0,train/learning_rate,55,1771952941.1623406,0.00017692307301331311,scalar
events.out.tfevents.1771950289.0b5e3829cdda.1883.0,train/learning_rate,60,1771953164.49003,0.00017417581693734974,scalar
events.out.tfevents.1771950289.0b5e3829cdda.1883.0,train/learning_rate,65,1771953413.8977246,0.0001714285754133016,scalar
events.out.tfevents.1771950289.0b5e3829cdda.1883.0,train/learning_rate,70,1771953637.9163375,0.0001686813193373382,scalar
events.out.tfevents.1771950289.0b5e3829cdda.1883.0,train/learning_rate,75,1771953886.6268117,0.00016593406326137483,scalar
events.out.tfevents.1771950289.0b5e3829cdda.1883.0,train/learning_rate,80,1771954110.5508676,0.00016318680718541145,scalar
events.out.tfevents.1771950289.0b5e3829cdda.1883.0,train/learning_rate,85,1771954359.4450867,0.0001604395656613633,scalar
events.out.tfevents.1771950289.0b5e3829cdda.1883.0,train/learning_rate,90,1771954583.7789104,0.00015769230958539993,scalar
events.out.tfevents.1771950289.0b5e3829cdda.1883.0,train/learning_rate,95,1771954861.9503663,0.00015494505350943655,scalar
events.out.tfevents.1771950289.0b5e3829cdda.1883.0,train/learning_rate,100,1771955086.6440895,0.00015219779743347317,scalar
events.out.tfevents.1771950289.0b5e3829cdda.1883.0,train/learning_rate,105,1771955335.6314924,0.00014945055590942502,scalar
events.out.tfevents.1771950289.0b5e3829cdda.1883.0,train/learning_rate,110,1771955559.178734,0.00014670329983346164,scalar
events.out.tfevents.1771950289.0b5e3829cdda.1883.0,train/learning_rate,115,1771955808.419331,0.00014395604375749826,scalar
events.out.tfevents.1771950289.0b5e3829cdda.1883.0,train/learning_rate,120,1771956031.0591235,0.00014120878768153489,scalar
events.out.tfevents.1771950289.0b5e3829cdda.1883.0,train/learning_rate,125,1771956280.26663,0.0001384615316055715,scalar
events.out.tfevents.1771950289.0b5e3829cdda.1883.0,train/learning_rate,130,1771956503.7563791,0.00013571429008152336,scalar
events.out.tfevents.1771950289.0b5e3829cdda.1883.0,train/learning_rate,135,1771956752.37232,0.00013296703400555998,scalar
events.out.tfevents.1771950289.0b5e3829cdda.1883.0,train/learning_rate,140,1771956975.5024612,0.0001302197779295966,scalar
events.out.tfevents.1771950289.0b5e3829cdda.1883.0,train/learning_rate,145,1771957254.9605873,0.00012747252185363322,scalar
events.out.tfevents.1771950289.0b5e3829cdda.1883.0,train/learning_rate,150,1771957478.449828,0.00012472528032958508,scalar
events.out.tfevents.1771950289.0b5e3829cdda.1883.0,train/learning_rate,155,1771957728.4267242,0.0001219780242536217,scalar
events.out.tfevents.1771950289.0b5e3829cdda.1883.0,train/learning_rate,160,1771957952.5469213,0.00011923076817765832,scalar
events.out.tfevents.1771950289.0b5e3829cdda.1883.0,train/learning_rate,165,1771958201.5173495,0.00011648351937765256,scalar
events.out.tfevents.1771950289.0b5e3829cdda.1883.0,train/learning_rate,170,1771958424.743407,0.00011373626330168918,scalar
events.out.tfevents.1771950289.0b5e3829cdda.1883.0,train/learning_rate,175,1771958673.7336576,0.00011098901450168341,scalar
events.out.tfevents.1771950289.0b5e3829cdda.1883.0,train/learning_rate,180,1771958896.0480387,0.00010824175842572004,scalar
events.out.tfevents.1771950289.0b5e3829cdda.1883.0,train/learning_rate,185,1771959144.5239847,0.00010549450234975666,scalar
events.out.tfevents.1771950289.0b5e3829cdda.1883.0,train/learning_rate,190,1771959399.8224325,0.0001027472535497509,scalar
events.out.tfevents.1771950289.0b5e3829cdda.1883.0,train/learning_rate,195,1771959660.0715966,9.999999747378752e-05,scalar
events.out.tfevents.1771950289.0b5e3829cdda.1883.0,train/learning_rate,200,1771959886.0284731,9.725274867378175e-05,scalar
events.out.tfevents.1771950289.0b5e3829cdda.1883.0,train/learning_rate,205,1771960136.061301,9.450549259781837e-05,scalar
events.out.tfevents.1771950289.0b5e3829cdda.1883.0,train/learning_rate,210,1771960361.452602,9.175824379781261e-05,scalar
events.out.tfevents.1771950289.0b5e3829cdda.1883.0,train/learning_rate,215,1771960612.4757993,8.901098772184923e-05,scalar
events.out.tfevents.1771950289.0b5e3829cdda.1883.0,train/learning_rate,220,1771960838.2477906,8.626373892184347e-05,scalar
events.out.tfevents.1771950289.0b5e3829cdda.1883.0,train/learning_rate,225,1771961088.9526799,8.351648284588009e-05,scalar
events.out.tfevents.1771950289.0b5e3829cdda.1883.0,train/learning_rate,230,1771961314.3143802,8.076923404587433e-05,scalar
events.out.tfevents.1771950289.0b5e3829cdda.1883.0,train/learning_rate,235,1771961559.933283,7.802197796991095e-05,scalar
events.out.tfevents.1771950289.0b5e3829cdda.1883.0,train/learning_rate,240,1771961824.0950863,7.527472189394757e-05,scalar
events.out.tfevents.1771950289.0b5e3829cdda.1883.0,train/learning_rate,245,1771962075.0837002,7.252747309394181e-05,scalar
events.out.tfevents.1771950289.0b5e3829cdda.1883.0,train/learning_rate,250,1771962299.7641387,6.978021701797843e-05,scalar
events.out.tfevents.1771950289.0b5e3829cdda.1883.0,train/learning_rate,255,1771962550.8878827,6.703296821797267e-05,scalar
events.out.tfevents.1771950289.0b5e3829cdda.1883.0,train/learning_rate,260,1771962775.9729683,6.428571214200929e-05,scalar
events.out.tfevents.1771950289.0b5e3829cdda.1883.0,train/learning_rate,265,1771963026.587626,6.153846334200352e-05,scalar
events.out.tfevents.1771950289.0b5e3829cdda.1883.0,train/learning_rate,270,1771963252.073501,5.8791207266040146e-05,scalar
events.out.tfevents.1771950289.0b5e3829cdda.1883.0,train/learning_rate,275,1771963503.5876665,5.6043954828055575e-05,scalar
events.out.tfevents.1771950289.0b5e3829cdda.1883.0,train/learning_rate,280,1771963729.4563465,5.3296702390071005e-05,scalar
events.out.tfevents.1771950289.0b5e3829cdda.1883.0,train/learning_rate,285,1771964012.1583736,5.0549449952086434e-05,scalar
events.out.tfevents.1771950289.0b5e3829cdda.1883.0,train/learning_rate,290,1771964238.3129208,4.780219751410186e-05,scalar
events.out.tfevents.1771950289.0b5e3829cdda.1883.0,train/learning_rate,295,1771964489.3855183,4.505494507611729e-05,scalar
events.out.tfevents.1771950289.0b5e3829cdda.1883.0,train/learning_rate,300,1771964714.4578292,4.230769263813272e-05,scalar
events.out.tfevents.1771950289.0b5e3829cdda.1883.0,train/learning_rate,305,1771964965.3454983,3.956044020014815e-05,scalar
events.out.tfevents.1771950289.0b5e3829cdda.1883.0,train/learning_rate,310,1771965195.5465412,3.681318776216358e-05,scalar
events.out.tfevents.1771950289.0b5e3829cdda.1883.0,train/learning_rate,315,1771965449.8344526,3.406593532417901e-05,scalar
events.out.tfevents.1771950289.0b5e3829cdda.1883.0,train/learning_rate,320,1771965674.3277588,3.131868288619444e-05,scalar
events.out.tfevents.1771950289.0b5e3829cdda.1883.0,train/learning_rate,325,1771965928.9403121,2.8571428629220463e-05,scalar
events.out.tfevents.1771950289.0b5e3829cdda.1883.0,train/learning_rate,330,1771966186.9851563,2.5824176191235892e-05,scalar
events.out.tfevents.1771950289.0b5e3829cdda.1883.0,train/learning_rate,335,1771966448.710224,2.307692375325132e-05,scalar
events.out.tfevents.1771950289.0b5e3829cdda.1883.0,train/learning_rate,340,1771966682.8161192,2.0329669496277347e-05,scalar
events.out.tfevents.1771950289.0b5e3829cdda.1883.0,train/learning_rate,345,1771966944.8396952,1.7582417058292776e-05,scalar
events.out.tfevents.1771950289.0b5e3829cdda.1883.0,train/learning_rate,350,1771967179.1071503,1.4835164620308205e-05,scalar
events.out.tfevents.1771950289.0b5e3829cdda.1883.0,train/learning_rate,355,1771967440.0535412,1.2087912182323635e-05,scalar
events.out.tfevents.1771950289.0b5e3829cdda.1883.0,train/learning_rate,360,1771967672.3659885,9.340659744339064e-06,scalar
events.out.tfevents.1771950289.0b5e3829cdda.1883.0,train/learning_rate,365,1771967932.472885,6.593406396859791e-06,scalar
events.out.tfevents.1771950289.0b5e3829cdda.1883.0,train/learning_rate,370,1771968164.6947477,3.84615395887522e-06,scalar
events.out.tfevents.1771950289.0b5e3829cdda.1883.0,train/learning_rate,375,1771968424.0356517,1.0989010661432985e-06,scalar
events.out.tfevents.1771950289.0b5e3829cdda.1883.0,train/entropy,5,1771950520.159002,1.1726127862930298,scalar
events.out.tfevents.1771950289.0b5e3829cdda.1883.0,train/entropy,10,1771950744.6526272,1.1764376163482666,scalar
events.out.tfevents.1771950289.0b5e3829cdda.1883.0,train/entropy,15,1771950997.689471,1.1579995155334473,scalar
events.out.tfevents.1771950289.0b5e3829cdda.1883.0,train/entropy,20,1771951222.9560335,1.1558703184127808,scalar
events.out.tfevents.1771950289.0b5e3829cdda.1883.0,train/entropy,25,1771951476.5649245,1.266006588935852,scalar
events.out.tfevents.1771950289.0b5e3829cdda.1883.0,train/entropy,30,1771951703.6781623,1.2774206399917603,scalar
events.out.tfevents.1771950289.0b5e3829cdda.1883.0,train/entropy,35,1771951957.5929394,1.2874654531478882,scalar
events.out.tfevents.1771950289.0b5e3829cdda.1883.0,train/entropy,40,1771952184.9774394,1.2895575761795044,scalar
events.out.tfevents.1771950289.0b5e3829cdda.1883.0,train/entropy,45,1771952436.197087,1.2966740131378174,scalar
events.out.tfevents.1771950289.0b5e3829cdda.1883.0,train/entropy,50,1771952691.48634,1.262885570526123,scalar
events.out.tfevents.1771950289.0b5e3829cdda.1883.0,train/entropy,55,1771952941.1623535,1.214805245399475,scalar
events.out.tfevents.1771950289.0b5e3829cdda.1883.0,train/entropy,60,1771953164.4900472,1.1963739395141602,scalar
events.out.tfevents.1771950289.0b5e3829cdda.1883.0,train/entropy,65,1771953413.8977377,1.1582578420639038,scalar
events.out.tfevents.1771950289.0b5e3829cdda.1883.0,train/entropy,70,1771953637.9163504,1.181318759918213,scalar
events.out.tfevents.1771950289.0b5e3829cdda.1883.0,train/entropy,75,1771953886.6268258,1.220494270324707,scalar
events.out.tfevents.1771950289.0b5e3829cdda.1883.0,train/entropy,80,1771954110.5508902,1.2616876363754272,scalar
events.out.tfevents.1771950289.0b5e3829cdda.1883.0,train/entropy,85,1771954359.4451067,1.2923877239227295,scalar
events.out.tfevents.1771950289.0b5e3829cdda.1883.0,train/entropy,90,1771954583.7789233,1.2996973991394043,scalar
events.out.tfevents.1771950289.0b5e3829cdda.1883.0,train/entropy,95,1771954861.9503796,1.3020436763763428,scalar
events.out.tfevents.1771950289.0b5e3829cdda.1883.0,train/entropy,100,1771955086.644102,1.2846461534500122,scalar
events.out.tfevents.1771950289.0b5e3829cdda.1883.0,train/entropy,105,1771955335.6315057,1.27576744556427,scalar
events.out.tfevents.1771950289.0b5e3829cdda.1883.0,train/entropy,110,1771955559.178748,1.269636869430542,scalar
events.out.tfevents.1771950289.0b5e3829cdda.1883.0,train/entropy,115,1771955808.4193456,1.2758680582046509,scalar
events.out.tfevents.1771950289.0b5e3829cdda.1883.0,train/entropy,120,1771956031.0591366,1.2648924589157104,scalar
events.out.tfevents.1771950289.0b5e3829cdda.1883.0,train/entropy,125,1771956280.2666426,1.2718404531478882,scalar
events.out.tfevents.1771950289.0b5e3829cdda.1883.0,train/entropy,130,1771956503.7563922,1.2705200910568237,scalar
events.out.tfevents.1771950289.0b5e3829cdda.1883.0,train/entropy,135,1771956752.372333,1.2681057453155518,scalar
events.out.tfevents.1771950289.0b5e3829cdda.1883.0,train/entropy,140,1771956975.502475,1.2690708637237549,scalar
events.out.tfevents.1771950289.0b5e3829cdda.1883.0,train/entropy,145,1771957254.9606001,1.2557672262191772,scalar
events.out.tfevents.1771950289.0b5e3829cdda.1883.0,train/entropy,150,1771957478.4498534,1.2499512434005737,scalar
events.out.tfevents.1771950289.0b5e3829cdda.1883.0,train/entropy,155,1771957728.4267366,1.2398008108139038,scalar
events.out.tfevents.1771950289.0b5e3829cdda.1883.0,train/entropy,160,1771957952.546935,1.232634425163269,scalar
events.out.tfevents.1771950289.0b5e3829cdda.1883.0,train/entropy,165,1771958201.5173619,1.2445449829101562,scalar
events.out.tfevents.1771950289.0b5e3829cdda.1883.0,train/entropy,170,1771958424.7434201,1.245383381843567,scalar
events.out.tfevents.1771950289.0b5e3829cdda.1883.0,train/entropy,175,1771958673.7336707,1.23195481300354,scalar
events.out.tfevents.1771950289.0b5e3829cdda.1883.0,train/entropy,180,1771958896.0480573,1.2397013902664185,scalar
events.out.tfevents.1771950289.0b5e3829cdda.1883.0,train/entropy,185,1771959144.523998,1.242432951927185,scalar
events.out.tfevents.1771950289.0b5e3829cdda.1883.0,train/entropy,190,1771959399.8224459,1.2460451126098633,scalar
events.out.tfevents.1771950289.0b5e3829cdda.1883.0,train/entropy,195,1771959660.07161,1.2405914068222046,scalar
events.out.tfevents.1771950289.0b5e3829cdda.1883.0,train/entropy,200,1771959886.0284863,1.2379851341247559,scalar
events.out.tfevents.1771950289.0b5e3829cdda.1883.0,train/entropy,205,1771960136.0613143,1.2324522733688354,scalar
events.out.tfevents.1771950289.0b5e3829cdda.1883.0,train/entropy,210,1771960361.452615,1.2337857484817505,scalar
events.out.tfevents.1771950289.0b5e3829cdda.1883.0,train/entropy,215,1771960612.4758184,1.256624460220337,scalar
events.out.tfevents.1771950289.0b5e3829cdda.1883.0,train/entropy,220,1771960838.2478106,1.2346572875976562,scalar
events.out.tfevents.1771950289.0b5e3829cdda.1883.0,train/entropy,225,1771961088.9526932,1.228487491607666,scalar
events.out.tfevents.1771950289.0b5e3829cdda.1883.0,train/entropy,230,1771961314.314393,1.2406758069992065,scalar
events.out.tfevents.1771950289.0b5e3829cdda.1883.0,train/entropy,235,1771961559.9332962,1.2431458234786987,scalar
events.out.tfevents.1771950289.0b5e3829cdda.1883.0,train/entropy,240,1771961824.0950997,1.2248480319976807,scalar
events.out.tfevents.1771950289.0b5e3829cdda.1883.0,train/entropy,245,1771962075.083714,1.226076364517212,scalar
events.out.tfevents.1771950289.0b5e3829cdda.1883.0,train/entropy,250,1771962299.7641523,1.2174065113067627,scalar
events.out.tfevents.1771950289.0b5e3829cdda.1883.0,train/entropy,255,1771962550.8878963,1.2156096696853638,scalar
events.out.tfevents.1771950289.0b5e3829cdda.1883.0,train/entropy,260,1771962775.9729817,1.2323943376541138,scalar
events.out.tfevents.1771950289.0b5e3829cdda.1883.0,train/entropy,265,1771963026.587639,1.229081630706787,scalar
events.out.tfevents.1771950289.0b5e3829cdda.1883.0,train/entropy,270,1771963252.0735147,1.211829423904419,scalar
events.out.tfevents.1771950289.0b5e3829cdda.1883.0,train/entropy,275,1771963503.5876791,1.2093405723571777,scalar
events.out.tfevents.1771950289.0b5e3829cdda.1883.0,train/entropy,280,1771963729.4563591,1.2192720174789429,scalar
events.out.tfevents.1771950289.0b5e3829cdda.1883.0,train/entropy,285,1771964012.1583884,1.215557336807251,scalar
events.out.tfevents.1771950289.0b5e3829cdda.1883.0,train/entropy,290,1771964238.3129413,1.209208607673645,scalar
events.out.tfevents.1771950289.0b5e3829cdda.1883.0,train/entropy,295,1771964489.3855307,1.2126140594482422,scalar
events.out.tfevents.1771950289.0b5e3829cdda.1883.0,train/entropy,300,1771964714.45786,1.2054673433303833,scalar
events.out.tfevents.1771950289.0b5e3829cdda.1883.0,train/entropy,305,1771964965.3455114,1.2092845439910889,scalar
events.out.tfevents.1771950289.0b5e3829cdda.1883.0,train/entropy,310,1771965195.546554,1.2146791219711304,scalar
events.out.tfevents.1771950289.0b5e3829cdda.1883.0,train/entropy,315,1771965449.834466,1.202862024307251,scalar
events.out.tfevents.1771950289.0b5e3829cdda.1883.0,train/entropy,320,1771965674.3277717,1.2085901498794556,scalar
events.out.tfevents.1771950289.0b5e3829cdda.1883.0,train/entropy,325,1771965928.940326,1.197582721710205,scalar
events.out.tfevents.1771950289.0b5e3829cdda.1883.0,train/entropy,330,1771966186.9851694,1.202993631362915,scalar
events.out.tfevents.1771950289.0b5e3829cdda.1883.0,train/entropy,335,1771966448.710237,1.2103320360183716,scalar
events.out.tfevents.1771950289.0b5e3829cdda.1883.0,train/entropy,340,1771966682.8161325,1.2001774311065674,scalar
events.out.tfevents.1771950289.0b5e3829cdda.1883.0,train/entropy,345,1771966944.8397086,1.1988770961761475,scalar
events.out.tfevents.1771950289.0b5e3829cdda.1883.0,train/entropy,350,1771967179.1071632,1.1973410844802856,scalar
events.out.tfevents.1771950289.0b5e3829cdda.1883.0,train/entropy,355,1771967440.0535538,1.198173999786377,scalar
events.out.tfevents.1771950289.0b5e3829cdda.1883.0,train/entropy,360,1771967672.3660016,1.2137378454208374,scalar
events.out.tfevents.1771950289.0b5e3829cdda.1883.0,train/entropy,365,1771967932.4728997,1.1926835775375366,scalar
events.out.tfevents.1771950289.0b5e3829cdda.1883.0,train/entropy,370,1771968164.694761,1.2054141759872437,scalar
events.out.tfevents.1771950289.0b5e3829cdda.1883.0,train/entropy,375,1771968424.0356674,1.2072291374206543,scalar
events.out.tfevents.1771950289.0b5e3829cdda.1883.0,train/entropy,376,1771968498.7634232,1.2170743942260742,scalar
events.out.tfevents.1771950289.0b5e3829cdda.1883.0,train/num_tokens,5,1771950520.159016,137757.0,scalar
events.out.tfevents.1771950289.0b5e3829cdda.1883.0,train/num_tokens,10,1771950744.652643,275517.0,scalar
events.out.tfevents.1771950289.0b5e3829cdda.1883.0,train/num_tokens,15,1771950997.6894848,413277.0,scalar
events.out.tfevents.1771950289.0b5e3829cdda.1883.0,train/num_tokens,20,1771951222.9560456,551037.0,scalar
events.out.tfevents.1771950289.0b5e3829cdda.1883.0,train/num_tokens,25,1771951476.564937,688793.0,scalar
events.out.tfevents.1771950289.0b5e3829cdda.1883.0,train/num_tokens,30,1771951703.6781752,826545.0,scalar
events.out.tfevents.1771950289.0b5e3829cdda.1883.0,train/num_tokens,35,1771951957.5929515,964304.0,scalar
events.out.tfevents.1771950289.0b5e3829cdda.1883.0,train/num_tokens,40,1771952184.977451,1102057.0,scalar
events.out.tfevents.1771950289.0b5e3829cdda.1883.0,train/num_tokens,45,1771952436.1970997,1239817.0,scalar
events.out.tfevents.1771950289.0b5e3829cdda.1883.0,train/num_tokens,50,1771952691.4863522,1374131.0,scalar
events.out.tfevents.1771950289.0b5e3829cdda.1883.0,train/num_tokens,55,1771952941.1623647,1511881.0,scalar
events.out.tfevents.1771950289.0b5e3829cdda.1883.0,train/num_tokens,60,1771953164.4900599,1649641.0,scalar
events.out.tfevents.1771950289.0b5e3829cdda.1883.0,train/num_tokens,65,1771953413.8977492,1787398.0,scalar
events.out.tfevents.1771950289.0b5e3829cdda.1883.0,train/num_tokens,70,1771953637.9163623,1925157.0,scalar
events.out.tfevents.1771950289.0b5e3829cdda.1883.0,train/num_tokens,75,1771953886.6268377,2062914.0,scalar
events.out.tfevents.1771950289.0b5e3829cdda.1883.0,train/num_tokens,80,1771954110.5509083,2200674.0,scalar
events.out.tfevents.1771950289.0b5e3829cdda.1883.0,train/num_tokens,85,1771954359.445119,2338433.0,scalar
events.out.tfevents.1771950289.0b5e3829cdda.1883.0,train/num_tokens,90,1771954583.7789352,2476190.0,scalar
events.out.tfevents.1771950289.0b5e3829cdda.1883.0,train/num_tokens,95,1771954861.950391,2610506.0,scalar
events.out.tfevents.1771950289.0b5e3829cdda.1883.0,train/num_tokens,100,1771955086.644114,2748263.0,scalar
events.out.tfevents.1771950289.0b5e3829cdda.1883.0,train/num_tokens,105,1771955335.631518,2886023.0,scalar
events.out.tfevents.1771950289.0b5e3829cdda.1883.0,train/num_tokens,110,1771955559.1787603,3023779.0,scalar
events.out.tfevents.1771950289.0b5e3829cdda.1883.0,train/num_tokens,115,1771955808.4193575,3161530.0,scalar
events.out.tfevents.1771950289.0b5e3829cdda.1883.0,train/num_tokens,120,1771956031.0591486,3299289.0,scalar
events.out.tfevents.1771950289.0b5e3829cdda.1883.0,train/num_tokens,125,1771956280.266654,3437047.0,scalar
events.out.tfevents.1771950289.0b5e3829cdda.1883.0,train/num_tokens,130,1771956503.7564042,3574806.0,scalar
events.out.tfevents.1771950289.0b5e3829cdda.1883.0,train/num_tokens,135,1771956752.3723454,3712565.0,scalar
events.out.tfevents.1771950289.0b5e3829cdda.1883.0,train/num_tokens,140,1771956975.502488,3850323.0,scalar
events.out.tfevents.1771950289.0b5e3829cdda.1883.0,train/num_tokens,145,1771957254.960612,3984639.0,scalar
events.out.tfevents.1771950289.0b5e3829cdda.1883.0,train/num_tokens,150,1771957478.4498668,4122395.0,scalar
events.out.tfevents.1771950289.0b5e3829cdda.1883.0,train/num_tokens,155,1771957728.4267483,4260155.0,scalar
events.out.tfevents.1771950289.0b5e3829cdda.1883.0,train/num_tokens,160,1771957952.5469475,4397912.0,scalar
events.out.tfevents.1771950289.0b5e3829cdda.1883.0,train/num_tokens,165,1771958201.5173745,4535670.0,scalar
events.out.tfevents.1771950289.0b5e3829cdda.1883.0,train/num_tokens,170,1771958424.7434323,4673429.0,scalar
events.out.tfevents.1771950289.0b5e3829cdda.1883.0,train/num_tokens,175,1771958673.7336822,4811186.0,scalar
events.out.tfevents.1771950289.0b5e3829cdda.1883.0,train/num_tokens,180,1771958896.0480692,4948937.0,scalar
events.out.tfevents.1771950289.0b5e3829cdda.1883.0,train/num_tokens,185,1771959144.5240097,5086697.0,scalar
events.out.tfevents.1771950289.0b5e3829cdda.1883.0,train/num_tokens,190,1771959399.822458,5221012.0,scalar
events.out.tfevents.1771950289.0b5e3829cdda.1883.0,train/num_tokens,195,1771959660.0716224,5358772.0,scalar
events.out.tfevents.1771950289.0b5e3829cdda.1883.0,train/num_tokens,200,1771959886.0284984,5496528.0,scalar
events.out.tfevents.1771950289.0b5e3829cdda.1883.0,train/num_tokens,205,1771960136.0613258,5634288.0,scalar
events.out.tfevents.1771950289.0b5e3829cdda.1883.0,train/num_tokens,210,1771960361.452627,5772044.0,scalar
events.out.tfevents.1771950289.0b5e3829cdda.1883.0,train/num_tokens,215,1771960612.4758356,5909803.0,scalar
events.out.tfevents.1771950289.0b5e3829cdda.1883.0,train/num_tokens,220,1771960838.2478237,6047561.0,scalar
events.out.tfevents.1771950289.0b5e3829cdda.1883.0,train/num_tokens,225,1771961088.952705,6185316.0,scalar
events.out.tfevents.1771950289.0b5e3829cdda.1883.0,train/num_tokens,230,1771961314.314405,6323071.0,scalar
events.out.tfevents.1771950289.0b5e3829cdda.1883.0,train/num_tokens,235,1771961559.9333084,6457385.0,scalar
events.out.tfevents.1771950289.0b5e3829cdda.1883.0,train/num_tokens,240,1771961824.0951114,6595137.0,scalar
events.out.tfevents.1771950289.0b5e3829cdda.1883.0,train/num_tokens,245,1771962075.0837262,6732897.0,scalar
events.out.tfevents.1771950289.0b5e3829cdda.1883.0,train/num_tokens,250,1771962299.7641668,6870657.0,scalar
events.out.tfevents.1771950289.0b5e3829cdda.1883.0,train/num_tokens,255,1771962550.8879168,7008417.0,scalar
events.out.tfevents.1771950289.0b5e3829cdda.1883.0,train/num_tokens,260,1771962775.973,7146175.0,scalar
events.out.tfevents.1771950289.0b5e3829cdda.1883.0,train/num_tokens,265,1771963026.5876508,7283933.0,scalar
events.out.tfevents.1771950289.0b5e3829cdda.1883.0,train/num_tokens,270,1771963252.0735266,7421688.0,scalar
events.out.tfevents.1771950289.0b5e3829cdda.1883.0,train/num_tokens,275,1771963503.5876908,7559447.0,scalar
events.out.tfevents.1771950289.0b5e3829cdda.1883.0,train/num_tokens,280,1771963729.4563706,7697203.0,scalar
events.out.tfevents.1771950289.0b5e3829cdda.1883.0,train/num_tokens,285,1771964012.1584017,7831517.0,scalar
events.out.tfevents.1771950289.0b5e3829cdda.1883.0,train/num_tokens,290,1771964238.3129532,7969277.0,scalar
events.out.tfevents.1771950289.0b5e3829cdda.1883.0,train/num_tokens,295,1771964489.3855422,8107035.0,scalar
events.out.tfevents.1771950289.0b5e3829cdda.1883.0,train/num_tokens,300,1771964714.457879,8244795.0,scalar
events.out.tfevents.1771950289.0b5e3829cdda.1883.0,train/num_tokens,305,1771964965.3455229,8382552.0,scalar
events.out.tfevents.1771950289.0b5e3829cdda.1883.0,train/num_tokens,310,1771965195.5465658,8520306.0,scalar
events.out.tfevents.1771950289.0b5e3829cdda.1883.0,train/num_tokens,315,1771965449.8344786,8658063.0,scalar
events.out.tfevents.1771950289.0b5e3829cdda.1883.0,train/num_tokens,320,1771965674.3277829,8795818.0,scalar
events.out.tfevents.1771950289.0b5e3829cdda.1883.0,train/num_tokens,325,1771965928.9403377,8933575.0,scalar
events.out.tfevents.1771950289.0b5e3829cdda.1883.0,train/num_tokens,330,1771966186.9851813,9067891.0,scalar
events.out.tfevents.1771950289.0b5e3829cdda.1883.0,train/num_tokens,335,1771966448.71025,9205647.0,scalar
events.out.tfevents.1771950289.0b5e3829cdda.1883.0,train/num_tokens,340,1771966682.8161447,9343406.0,scalar
events.out.tfevents.1771950289.0b5e3829cdda.1883.0,train/num_tokens,345,1771966944.8397214,9481165.0,scalar
events.out.tfevents.1771950289.0b5e3829cdda.1883.0,train/num_tokens,350,1771967179.1071746,9618919.0,scalar
events.out.tfevents.1771950289.0b5e3829cdda.1883.0,train/num_tokens,355,1771967440.0535657,9756679.0,scalar
events.out.tfevents.1771950289.0b5e3829cdda.1883.0,train/num_tokens,360,1771967672.3660135,9894430.0,scalar
events.out.tfevents.1771950289.0b5e3829cdda.1883.0,train/num_tokens,365,1771967932.4729111,10032190.0,scalar
events.out.tfevents.1771950289.0b5e3829cdda.1883.0,train/num_tokens,370,1771968164.6947727,10169948.0,scalar
events.out.tfevents.1771950289.0b5e3829cdda.1883.0,train/num_tokens,375,1771968424.03568,10307708.0,scalar
events.out.tfevents.1771950289.0b5e3829cdda.1883.0,train/num_tokens,376,1771968498.7634344,10331816.0,scalar
events.out.tfevents.1771950289.0b5e3829cdda.1883.0,train/mean_token_accuracy,5,1771950520.159029,0.7202569246292114,scalar
events.out.tfevents.1771950289.0b5e3829cdda.1883.0,train/mean_token_accuracy,10,1771950744.6526554,0.7501630187034607,scalar
events.out.tfevents.1771950289.0b5e3829cdda.1883.0,train/mean_token_accuracy,15,1771950997.689496,0.7673550844192505,scalar
events.out.tfevents.1771950289.0b5e3829cdda.1883.0,train/mean_token_accuracy,20,1771951222.9560568,0.7789311408996582,scalar
events.out.tfevents.1771950289.0b5e3829cdda.1883.0,train/mean_token_accuracy,25,1771951476.5649493,0.790744423866272,scalar
events.out.tfevents.1771950289.0b5e3829cdda.1883.0,train/mean_token_accuracy,30,1771951703.6781874,0.7956783175468445,scalar
events.out.tfevents.1771950289.0b5e3829cdda.1883.0,train/mean_token_accuracy,35,1771951957.5929632,0.8001778721809387,scalar
events.out.tfevents.1771950289.0b5e3829cdda.1883.0,train/mean_token_accuracy,40,1771952184.9774623,0.8039981722831726,scalar
events.out.tfevents.1771950289.0b5e3829cdda.1883.0,train/mean_token_accuracy,45,1771952436.1971116,0.8065398335456848,scalar
events.out.tfevents.1771950289.0b5e3829cdda.1883.0,train/mean_token_accuracy,50,1771952691.4863641,0.8095989227294922,scalar
events.out.tfevents.1771950289.0b5e3829cdda.1883.0,train/mean_token_accuracy,55,1771952941.1623755,0.812501072883606,scalar
events.out.tfevents.1771950289.0b5e3829cdda.1883.0,train/mean_token_accuracy,60,1771953164.490072,0.8115217089653015,scalar
events.out.tfevents.1771950289.0b5e3829cdda.1883.0,train/mean_token_accuracy,65,1771953413.89776,0.8137758374214172,scalar
events.out.tfevents.1771950289.0b5e3829cdda.1883.0,train/mean_token_accuracy,70,1771953637.9163735,0.8142539262771606,scalar
events.out.tfevents.1771950289.0b5e3829cdda.1883.0,train/mean_token_accuracy,75,1771953886.6268616,0.8192477226257324,scalar
events.out.tfevents.1771950289.0b5e3829cdda.1883.0,train/mean_token_accuracy,80,1771954110.550926,0.8192028999328613,scalar
events.out.tfevents.1771950289.0b5e3829cdda.1883.0,train/mean_token_accuracy,85,1771954359.4451303,0.8193990588188171,scalar
events.out.tfevents.1771950289.0b5e3829cdda.1883.0,train/mean_token_accuracy,90,1771954583.7789469,0.8213852643966675,scalar
events.out.tfevents.1771950289.0b5e3829cdda.1883.0,train/mean_token_accuracy,95,1771954861.950402,0.8223522901535034,scalar
events.out.tfevents.1771950289.0b5e3829cdda.1883.0,train/mean_token_accuracy,100,1771955086.6441245,0.8245367407798767,scalar
events.out.tfevents.1771950289.0b5e3829cdda.1883.0,train/mean_token_accuracy,105,1771955335.6315293,0.8265761137008667,scalar
events.out.tfevents.1771950289.0b5e3829cdda.1883.0,train/mean_token_accuracy,110,1771955559.178772,0.8244616985321045,scalar
events.out.tfevents.1771950289.0b5e3829cdda.1883.0,train/mean_token_accuracy,115,1771955808.4193707,0.824284553527832,scalar
events.out.tfevents.1771950289.0b5e3829cdda.1883.0,train/mean_token_accuracy,120,1771956031.0591602,0.8272613883018494,scalar
events.out.tfevents.1771950289.0b5e3829cdda.1883.0,train/mean_token_accuracy,125,1771956280.2666645,0.8264975547790527,scalar
events.out.tfevents.1771950289.0b5e3829cdda.1883.0,train/mean_token_accuracy,130,1771956503.7564158,0.8275333642959595,scalar
events.out.tfevents.1771950289.0b5e3829cdda.1883.0,train/mean_token_accuracy,135,1771956752.3723567,0.8249967694282532,scalar
events.out.tfevents.1771950289.0b5e3829cdda.1883.0,train/mean_token_accuracy,140,1771956975.5024998,0.8280373811721802,scalar
events.out.tfevents.1771950289.0b5e3829cdda.1883.0,train/mean_token_accuracy,145,1771957254.9606233,0.8297473192214966,scalar
events.out.tfevents.1771950289.0b5e3829cdda.1883.0,train/mean_token_accuracy,150,1771957478.4498787,0.8311471939086914,scalar
events.out.tfevents.1771950289.0b5e3829cdda.1883.0,train/mean_token_accuracy,155,1771957728.4267595,0.8312681317329407,scalar
events.out.tfevents.1771950289.0b5e3829cdda.1883.0,train/mean_token_accuracy,160,1771957952.546959,0.8333057165145874,scalar
events.out.tfevents.1771950289.0b5e3829cdda.1883.0,train/mean_token_accuracy,165,1771958201.5173855,0.8329111933708191,scalar
events.out.tfevents.1771950289.0b5e3829cdda.1883.0,train/mean_token_accuracy,170,1771958424.7434437,0.8324971795082092,scalar
events.out.tfevents.1771950289.0b5e3829cdda.1883.0,train/mean_token_accuracy,175,1771958673.7336936,0.8322734832763672,scalar
events.out.tfevents.1771950289.0b5e3829cdda.1883.0,train/mean_token_accuracy,180,1771958896.0480807,0.8314774632453918,scalar
events.out.tfevents.1771950289.0b5e3829cdda.1883.0,train/mean_token_accuracy,185,1771959144.5240207,0.8312137722969055,scalar
events.out.tfevents.1771950289.0b5e3829cdda.1883.0,train/mean_token_accuracy,190,1771959399.8224695,0.8354299664497375,scalar
events.out.tfevents.1771950289.0b5e3829cdda.1883.0,train/mean_token_accuracy,195,1771959660.0716345,0.8362681269645691,scalar
events.out.tfevents.1771950289.0b5e3829cdda.1883.0,train/mean_token_accuracy,200,1771959886.0285099,0.8347712755203247,scalar
events.out.tfevents.1771950289.0b5e3829cdda.1883.0,train/mean_token_accuracy,205,1771960136.0613372,0.8359057903289795,scalar
events.out.tfevents.1771950289.0b5e3829cdda.1883.0,train/mean_token_accuracy,210,1771960361.4526381,0.8354049324989319,scalar
events.out.tfevents.1771950289.0b5e3829cdda.1883.0,train/mean_token_accuracy,215,1771960612.47587,0.8380227088928223,scalar
events.out.tfevents.1771950289.0b5e3829cdda.1883.0,train/mean_token_accuracy,220,1771960838.2478356,0.8373486995697021,scalar
events.out.tfevents.1771950289.0b5e3829cdda.1883.0,train/mean_token_accuracy,225,1771961088.9527164,0.8375022411346436,scalar
events.out.tfevents.1771950289.0b5e3829cdda.1883.0,train/mean_token_accuracy,230,1771961314.3144162,0.8369415998458862,scalar
events.out.tfevents.1771950289.0b5e3829cdda.1883.0,train/mean_token_accuracy,235,1771961559.93332,0.837340772151947,scalar
events.out.tfevents.1771950289.0b5e3829cdda.1883.0,train/mean_token_accuracy,240,1771961824.095123,0.8390340209007263,scalar
events.out.tfevents.1771950289.0b5e3829cdda.1883.0,train/mean_token_accuracy,245,1771962075.0837374,0.8399456739425659,scalar
events.out.tfevents.1771950289.0b5e3829cdda.1883.0,train/mean_token_accuracy,250,1771962299.7641785,0.8384239077568054,scalar
events.out.tfevents.1771950289.0b5e3829cdda.1883.0,train/mean_token_accuracy,255,1771962550.8879287,0.8401086926460266,scalar
events.out.tfevents.1771950289.0b5e3829cdda.1883.0,train/mean_token_accuracy,260,1771962775.973012,0.8383097052574158,scalar
events.out.tfevents.1771950289.0b5e3829cdda.1883.0,train/mean_token_accuracy,265,1771963026.5876634,0.8380376100540161,scalar
events.out.tfevents.1771950289.0b5e3829cdda.1883.0,train/mean_token_accuracy,270,1771963252.073538,0.8414714336395264,scalar
events.out.tfevents.1771950289.0b5e3829cdda.1883.0,train/mean_token_accuracy,275,1771963503.587702,0.8416277766227722,scalar
events.out.tfevents.1771950289.0b5e3829cdda.1883.0,train/mean_token_accuracy,280,1771963729.4563813,0.8416920304298401,scalar
events.out.tfevents.1771950289.0b5e3829cdda.1883.0,train/mean_token_accuracy,285,1771964012.1584134,0.8419113755226135,scalar
events.out.tfevents.1771950289.0b5e3829cdda.1883.0,train/mean_token_accuracy,290,1771964238.312965,0.8392934799194336,scalar
events.out.tfevents.1771950289.0b5e3829cdda.1883.0,train/mean_token_accuracy,295,1771964489.3855534,0.8429476618766785,scalar
events.out.tfevents.1771950289.0b5e3829cdda.1883.0,train/mean_token_accuracy,300,1771964714.4578972,0.8431521654129028,scalar
events.out.tfevents.1771950289.0b5e3829cdda.1883.0,train/mean_token_accuracy,305,1771964965.3455338,0.8415853977203369,scalar
events.out.tfevents.1771950289.0b5e3829cdda.1883.0,train/mean_token_accuracy,310,1771965195.546577,0.8414503931999207,scalar
events.out.tfevents.1771950289.0b5e3829cdda.1883.0,train/mean_token_accuracy,315,1771965449.8344898,0.8415858149528503,scalar
events.out.tfevents.1771950289.0b5e3829cdda.1883.0,train/mean_token_accuracy,320,1771965674.3277938,0.8431562781333923,scalar
events.out.tfevents.1771950289.0b5e3829cdda.1883.0,train/mean_token_accuracy,325,1771965928.9403486,0.8441950678825378,scalar
events.out.tfevents.1771950289.0b5e3829cdda.1883.0,train/mean_token_accuracy,330,1771966186.9852,0.8413786888122559,scalar
events.out.tfevents.1771950289.0b5e3829cdda.1883.0,train/mean_token_accuracy,335,1771966448.710262,0.8458406329154968,scalar
events.out.tfevents.1771950289.0b5e3829cdda.1883.0,train/mean_token_accuracy,340,1771966682.816156,0.8413375616073608,scalar
events.out.tfevents.1771950289.0b5e3829cdda.1883.0,train/mean_token_accuracy,345,1771966944.8397336,0.8453232645988464,scalar
events.out.tfevents.1771950289.0b5e3829cdda.1883.0,train/mean_token_accuracy,350,1771967179.1071854,0.8436058163642883,scalar
events.out.tfevents.1771950289.0b5e3829cdda.1883.0,train/mean_token_accuracy,355,1771967440.0535765,0.8451630473136902,scalar
events.out.tfevents.1771950289.0b5e3829cdda.1883.0,train/mean_token_accuracy,360,1771967672.3660247,0.8450456261634827,scalar
events.out.tfevents.1771950289.0b5e3829cdda.1883.0,train/mean_token_accuracy,365,1771967932.4729226,0.8432790040969849,scalar
events.out.tfevents.1771950289.0b5e3829cdda.1883.0,train/mean_token_accuracy,370,1771968164.6947844,0.8439438343048096,scalar
events.out.tfevents.1771950289.0b5e3829cdda.1883.0,train/mean_token_accuracy,375,1771968424.0356915,0.8458152413368225,scalar
events.out.tfevents.1771950289.0b5e3829cdda.1883.0,train/mean_token_accuracy,376,1771968498.763445,0.8387163877487183,scalar
events.out.tfevents.1771950289.0b5e3829cdda.1883.0,train/epoch,5,1771950520.1590412,0.1066666692495346,scalar
events.out.tfevents.1771950289.0b5e3829cdda.1883.0,train/epoch,10,1771950744.652667,0.2133333384990692,scalar
events.out.tfevents.1771950289.0b5e3829cdda.1883.0,train/epoch,10,1771950771.781078,0.2133333384990692,scalar
events.out.tfevents.1771950289.0b5e3829cdda.1883.0,train/epoch,15,1771950997.689507,0.3199999928474426,scalar
events.out.tfevents.1771950289.0b5e3829cdda.1883.0,train/epoch,20,1771951222.9560678,0.4266666769981384,scalar
events.out.tfevents.1771950289.0b5e3829cdda.1883.0,train/epoch,20,1771951249.9695857,0.4266666769981384,scalar
events.out.tfevents.1771950289.0b5e3829cdda.1883.0,train/epoch,25,1771951476.5649605,0.5333333611488342,scalar
events.out.tfevents.1771950289.0b5e3829cdda.1883.0,train/epoch,30,1771951703.6782007,0.6399999856948853,scalar
events.out.tfevents.1771950289.0b5e3829cdda.1883.0,train/epoch,30,1771951731.1313655,0.6399999856948853,scalar
events.out.tfevents.1771950289.0b5e3829cdda.1883.0,train/epoch,35,1771951957.5929816,0.746666669845581,scalar
events.out.tfevents.1771950289.0b5e3829cdda.1883.0,train/epoch,40,1771952184.9774737,0.8533333539962769,scalar
events.out.tfevents.1771950289.0b5e3829cdda.1883.0,train/epoch,40,1771952212.6036353,0.8533333539962769,scalar
events.out.tfevents.1771950289.0b5e3829cdda.1883.0,train/epoch,45,1771952436.1971228,0.9599999785423279,scalar
events.out.tfevents.1771950289.0b5e3829cdda.1883.0,train/epoch,50,1771952691.4863753,1.0640000104904175,scalar
events.out.tfevents.1771950289.0b5e3829cdda.1883.0,train/epoch,50,1771952718.782481,1.0640000104904175,scalar
events.out.tfevents.1771950289.0b5e3829cdda.1883.0,train/epoch,55,1771952941.1623857,1.1706666946411133,scalar
events.out.tfevents.1771950289.0b5e3829cdda.1883.0,train/epoch,60,1771953164.490084,1.277333378791809,scalar
events.out.tfevents.1771950289.0b5e3829cdda.1883.0,train/epoch,60,1771953192.0545452,1.277333378791809,scalar
events.out.tfevents.1771950289.0b5e3829cdda.1883.0,train/epoch,65,1771953413.8977706,1.3839999437332153,scalar
events.out.tfevents.1771950289.0b5e3829cdda.1883.0,train/epoch,70,1771953637.9163842,1.4906666278839111,scalar
events.out.tfevents.1771950289.0b5e3829cdda.1883.0,train/epoch,70,1771953665.0697563,1.4906666278839111,scalar
events.out.tfevents.1771950289.0b5e3829cdda.1883.0,train/epoch,75,1771953886.6268728,1.597333312034607,scalar
events.out.tfevents.1771950289.0b5e3829cdda.1883.0,train/epoch,80,1771954110.5509431,1.7039999961853027,scalar
events.out.tfevents.1771950289.0b5e3829cdda.1883.0,train/epoch,80,1771954137.6634834,1.7039999961853027,scalar
events.out.tfevents.1771950289.0b5e3829cdda.1883.0,train/epoch,85,1771954359.4451413,1.8106666803359985,scalar
events.out.tfevents.1771950289.0b5e3829cdda.1883.0,train/epoch,90,1771954583.778958,1.9173333644866943,scalar
events.out.tfevents.1771950289.0b5e3829cdda.1883.0,train/epoch,90,1771954610.819182,1.9173333644866943,scalar
events.out.tfevents.1771950289.0b5e3829cdda.1883.0,train/epoch,95,1771954861.9504132,2.0213332176208496,scalar
events.out.tfevents.1771950289.0b5e3829cdda.1883.0,train/epoch,100,1771955086.6441352,2.128000020980835,scalar
events.out.tfevents.1771950289.0b5e3829cdda.1883.0,train/epoch,100,1771955113.7673893,2.128000020980835,scalar
events.out.tfevents.1771950289.0b5e3829cdda.1883.0,train/epoch,105,1771955335.6315405,2.234666585922241,scalar
events.out.tfevents.1771950289.0b5e3829cdda.1883.0,train/epoch,110,1771955559.178783,2.3413333892822266,scalar
events.out.tfevents.1771950289.0b5e3829cdda.1883.0,train/epoch,110,1771955586.243507,2.3413333892822266,scalar
events.out.tfevents.1771950289.0b5e3829cdda.1883.0,train/epoch,115,1771955808.419383,2.447999954223633,scalar
events.out.tfevents.1771950289.0b5e3829cdda.1883.0,train/epoch,120,1771956031.059171,2.554666757583618,scalar
events.out.tfevents.1771950289.0b5e3829cdda.1883.0,train/epoch,120,1771956058.5783403,2.554666757583618,scalar
events.out.tfevents.1771950289.0b5e3829cdda.1883.0,train/epoch,125,1771956280.266675,2.6613333225250244,scalar
events.out.tfevents.1771950289.0b5e3829cdda.1883.0,train/epoch,130,1771956503.7564263,2.7679998874664307,scalar
events.out.tfevents.1771950289.0b5e3829cdda.1883.0,train/epoch,130,1771956531.0157914,2.7679998874664307,scalar
events.out.tfevents.1771950289.0b5e3829cdda.1883.0,train/epoch,135,1771956752.3723676,2.874666690826416,scalar
events.out.tfevents.1771950289.0b5e3829cdda.1883.0,train/epoch,140,1771956975.5025108,2.9813332557678223,scalar
events.out.tfevents.1771950289.0b5e3829cdda.1883.0,train/epoch,140,1771957002.596829,2.9813332557678223,scalar
events.out.tfevents.1771950289.0b5e3829cdda.1883.0,train/epoch,145,1771957254.9606347,3.0853333473205566,scalar
events.out.tfevents.1771950289.0b5e3829cdda.1883.0,train/epoch,150,1771957478.44989,3.191999912261963,scalar
events.out.tfevents.1771950289.0b5e3829cdda.1883.0,train/epoch,150,1771957505.6417766,3.191999912261963,scalar
events.out.tfevents.1771950289.0b5e3829cdda.1883.0,train/epoch,155,1771957728.426771,3.2986667156219482,scalar
events.out.tfevents.1771950289.0b5e3829cdda.1883.0,train/epoch,160,1771957952.5469713,3.4053332805633545,scalar
events.out.tfevents.1771950289.0b5e3829cdda.1883.0,train/epoch,160,1771957979.6753523,3.4053332805633545,scalar
events.out.tfevents.1771950289.0b5e3829cdda.1883.0,train/epoch,165,1771958201.5173974,3.51200008392334,scalar
events.out.tfevents.1771950289.0b5e3829cdda.1883.0,train/epoch,170,1771958424.7434547,3.618666648864746,scalar
events.out.tfevents.1771950289.0b5e3829cdda.1883.0,train/epoch,170,1771958451.8722456,3.618666648864746,scalar
events.out.tfevents.1771950289.0b5e3829cdda.1883.0,train/epoch,175,1771958673.7337046,3.7253334522247314,scalar
events.out.tfevents.1771950289.0b5e3829cdda.1883.0,train/epoch,180,1771958896.0480914,3.8320000171661377,scalar
events.out.tfevents.1771950289.0b5e3829cdda.1883.0,train/epoch,180,1771958923.5339608,3.8320000171661377,scalar
events.out.tfevents.1771950289.0b5e3829cdda.1883.0,train/epoch,185,1771959144.5240324,3.938666582107544,scalar
events.out.tfevents.1771950289.0b5e3829cdda.1883.0,train/epoch,190,1771959399.8224807,4.042666435241699,scalar
events.out.tfevents.1771950289.0b5e3829cdda.1883.0,train/epoch,190,1771959427.4915226,4.042666435241699,scalar
events.out.tfevents.1771950289.0b5e3829cdda.1883.0,train/epoch,195,1771959660.071646,4.149333477020264,scalar
events.out.tfevents.1771950289.0b5e3829cdda.1883.0,train/epoch,200,1771959886.0285213,4.25600004196167,scalar
events.out.tfevents.1771950289.0b5e3829cdda.1883.0,train/epoch,200,1771959913.3034163,4.25600004196167,scalar
events.out.tfevents.1771950289.0b5e3829cdda.1883.0,train/epoch,205,1771960136.0613484,4.362666606903076,scalar
events.out.tfevents.1771950289.0b5e3829cdda.1883.0,train/epoch,210,1771960361.4526489,4.469333171844482,scalar
events.out.tfevents.1771950289.0b5e3829cdda.1883.0,train/epoch,210,1771960388.6912725,4.469333171844482,scalar
events.out.tfevents.1771950289.0b5e3829cdda.1883.0,train/epoch,215,1771960612.475889,4.576000213623047,scalar
events.out.tfevents.1771950289.0b5e3829cdda.1883.0,train/epoch,220,1771960838.2478669,4.682666778564453,scalar
events.out.tfevents.1771950289.0b5e3829cdda.1883.0,train/epoch,220,1771960865.4973817,4.682666778564453,scalar
events.out.tfevents.1771950289.0b5e3829cdda.1883.0,train/epoch,225,1771961088.9527273,4.789333343505859,scalar
events.out.tfevents.1771950289.0b5e3829cdda.1883.0,train/epoch,230,1771961314.314427,4.895999908447266,scalar
events.out.tfevents.1771950289.0b5e3829cdda.1883.0,train/epoch,230,1771961341.653911,4.895999908447266,scalar
events.out.tfevents.1771950289.0b5e3829cdda.1883.0,train/epoch,235,1771961559.9333313,5.0,scalar
events.out.tfevents.1771950289.0b5e3829cdda.1883.0,train/epoch,240,1771961824.095134,5.106666564941406,scalar
events.out.tfevents.1771950289.0b5e3829cdda.1883.0,train/epoch,240,1771961851.448245,5.106666564941406,scalar
events.out.tfevents.1771950289.0b5e3829cdda.1883.0,train/epoch,245,1771962075.0837483,5.2133331298828125,scalar
events.out.tfevents.1771950289.0b5e3829cdda.1883.0,train/epoch,250,1771962299.7641892,5.320000171661377,scalar
events.out.tfevents.1771950289.0b5e3829cdda.1883.0,train/epoch,250,1771962327.576016,5.320000171661377,scalar
events.out.tfevents.1771950289.0b5e3829cdda.1883.0,train/epoch,255,1771962550.88794,5.426666736602783,scalar
events.out.tfevents.1771950289.0b5e3829cdda.1883.0,train/epoch,260,1771962775.9730234,5.5333333015441895,scalar
events.out.tfevents.1771950289.0b5e3829cdda.1883.0,train/epoch,260,1771962803.285681,5.5333333015441895,scalar
events.out.tfevents.1771950289.0b5e3829cdda.1883.0,train/epoch,265,1771963026.5876753,5.639999866485596,scalar
events.out.tfevents.1771950289.0b5e3829cdda.1883.0,train/epoch,270,1771963252.0735493,5.746666431427002,scalar
events.out.tfevents.1771950289.0b5e3829cdda.1883.0,train/epoch,270,1771963279.412722,5.746666431427002,scalar
events.out.tfevents.1771950289.0b5e3829cdda.1883.0,train/epoch,275,1771963503.5877128,5.853333473205566,scalar
events.out.tfevents.1771950289.0b5e3829cdda.1883.0,train/epoch,280,1771963729.4563923,5.960000038146973,scalar
events.out.tfevents.1771950289.0b5e3829cdda.1883.0,train/epoch,280,1771963756.9306808,5.960000038146973,scalar
events.out.tfevents.1771950289.0b5e3829cdda.1883.0,train/epoch,285,1771964012.1584246,6.064000129699707,scalar
events.out.tfevents.1771950289.0b5e3829cdda.1883.0,train/epoch,290,1771964238.312976,6.170666694641113,scalar
events.out.tfevents.1771950289.0b5e3829cdda.1883.0,train/epoch,290,1771964265.71509,6.170666694641113,scalar
events.out.tfevents.1771950289.0b5e3829cdda.1883.0,train/epoch,295,1771964489.3855646,6.2773332595825195,scalar
events.out.tfevents.1771950289.0b5e3829cdda.1883.0,train/epoch,300,1771964714.4579136,6.383999824523926,scalar
events.out.tfevents.1771950289.0b5e3829cdda.1883.0,train/epoch,300,1771964741.6397583,6.383999824523926,scalar
events.out.tfevents.1771950289.0b5e3829cdda.1883.0,train/epoch,305,1771964965.3455458,6.49066686630249,scalar
events.out.tfevents.1771950289.0b5e3829cdda.1883.0,train/epoch,310,1771965195.5465882,6.5973334312438965,scalar
events.out.tfevents.1771950289.0b5e3829cdda.1883.0,train/epoch,310,1771965222.6729002,6.5973334312438965,scalar
events.out.tfevents.1771950289.0b5e3829cdda.1883.0,train/epoch,315,1771965449.8345008,6.703999996185303,scalar
events.out.tfevents.1771950289.0b5e3829cdda.1883.0,train/epoch,320,1771965674.3278039,6.810666561126709,scalar
events.out.tfevents.1771950289.0b5e3829cdda.1883.0,train/epoch,320,1771965702.0434575,6.810666561126709,scalar
events.out.tfevents.1771950289.0b5e3829cdda.1883.0,train/epoch,325,1771965928.9403589,6.917333126068115,scalar
events.out.tfevents.1771950289.0b5e3829cdda.1883.0,train/epoch,330,1771966186.9852114,7.02133321762085,scalar
events.out.tfevents.1771950289.0b5e3829cdda.1883.0,train/epoch,330,1771966214.7130675,7.02133321762085,scalar
events.out.tfevents.1771950289.0b5e3829cdda.1883.0,train/epoch,335,1771966448.7102733,7.127999782562256,scalar
events.out.tfevents.1771950289.0b5e3829cdda.1883.0,train/epoch,340,1771966682.8161669,7.23466682434082,scalar
events.out.tfevents.1771950289.0b5e3829cdda.1883.0,train/epoch,340,1771966710.3103518,7.23466682434082,scalar
events.out.tfevents.1771950289.0b5e3829cdda.1883.0,train/epoch,345,1771966944.8397446,7.341333389282227,scalar
events.out.tfevents.1771950289.0b5e3829cdda.1883.0,train/epoch,350,1771967179.1071963,7.447999954223633,scalar
events.out.tfevents.1771950289.0b5e3829cdda.1883.0,train/epoch,350,1771967206.372014,7.447999954223633,scalar
events.out.tfevents.1771950289.0b5e3829cdda.1883.0,train/epoch,355,1771967440.053587,7.554666519165039,scalar
events.out.tfevents.1771950289.0b5e3829cdda.1883.0,train/epoch,360,1771967672.3660355,7.6613335609436035,scalar
events.out.tfevents.1771950289.0b5e3829cdda.1883.0,train/epoch,360,1771967699.463517,7.6613335609436035,scalar
events.out.tfevents.1771950289.0b5e3829cdda.1883.0,train/epoch,365,1771967932.4729338,7.76800012588501,scalar
events.out.tfevents.1771950289.0b5e3829cdda.1883.0,train/epoch,370,1771968164.694796,7.874666690826416,scalar
events.out.tfevents.1771950289.0b5e3829cdda.1883.0,train/epoch,370,1771968191.6391299,7.874666690826416,scalar
events.out.tfevents.1771950289.0b5e3829cdda.1883.0,train/epoch,375,1771968424.0357022,7.981333255767822,scalar
events.out.tfevents.1771950289.0b5e3829cdda.1883.0,train/epoch,376,1771968498.7634554,8.0,scalar
events.out.tfevents.1771950289.0b5e3829cdda.1883.0,eval/loss,10,1771950771.7809231,0.6324732899665833,scalar
events.out.tfevents.1771950289.0b5e3829cdda.1883.0,eval/loss,20,1771951249.969472,0.5396565794944763,scalar
events.out.tfevents.1771950289.0b5e3829cdda.1883.0,eval/loss,30,1771951731.1312437,0.5060819387435913,scalar
events.out.tfevents.1771950289.0b5e3829cdda.1883.0,eval/loss,40,1771952212.6035228,0.48350802063941956,scalar
events.out.tfevents.1771950289.0b5e3829cdda.1883.0,eval/loss,50,1771952718.782368,0.4697416424751282,scalar
events.out.tfevents.1771950289.0b5e3829cdda.1883.0,eval/loss,60,1771953192.0544293,0.460389107465744,scalar
events.out.tfevents.1771950289.0b5e3829cdda.1883.0,eval/loss,70,1771953665.069639,0.4519176185131073,scalar
events.out.tfevents.1771950289.0b5e3829cdda.1883.0,eval/loss,80,1771954137.6633692,0.44368740916252136,scalar
events.out.tfevents.1771950289.0b5e3829cdda.1883.0,eval/loss,90,1771954610.8190677,0.43396690487861633,scalar
events.out.tfevents.1771950289.0b5e3829cdda.1883.0,eval/loss,100,1771955113.767272,0.43231475353240967,scalar
events.out.tfevents.1771950289.0b5e3829cdda.1883.0,eval/loss,110,1771955586.2433925,0.4288356304168701,scalar
events.out.tfevents.1771950289.0b5e3829cdda.1883.0,eval/loss,120,1771956058.5782251,0.42489832639694214,scalar
events.out.tfevents.1771950289.0b5e3829cdda.1883.0,eval/loss,130,1771956531.015676,0.4209981858730316,scalar
events.out.tfevents.1771950289.0b5e3829cdda.1883.0,eval/loss,140,1771957002.5967114,0.4157120883464813,scalar
events.out.tfevents.1771950289.0b5e3829cdda.1883.0,eval/loss,150,1771957505.641664,0.4118555784225464,scalar
events.out.tfevents.1771950289.0b5e3829cdda.1883.0,eval/loss,160,1771957979.675237,0.4139608144760132,scalar
events.out.tfevents.1771950289.0b5e3829cdda.1883.0,eval/loss,170,1771958451.8721282,0.41103947162628174,scalar
events.out.tfevents.1771950289.0b5e3829cdda.1883.0,eval/loss,180,1771958923.533814,0.41147029399871826,scalar
events.out.tfevents.1771950289.0b5e3829cdda.1883.0,eval/loss,190,1771959427.4914079,0.40306368470191956,scalar
events.out.tfevents.1771950289.0b5e3829cdda.1883.0,eval/loss,200,1771959913.3032992,0.40697237849235535,scalar
events.out.tfevents.1771950289.0b5e3829cdda.1883.0,eval/loss,210,1771960388.6911547,0.40567150712013245,scalar
events.out.tfevents.1771950289.0b5e3829cdda.1883.0,eval/loss,220,1771960865.4972694,0.40041816234588623,scalar
events.out.tfevents.1771950289.0b5e3829cdda.1883.0,eval/loss,230,1771961341.6537778,0.4025580883026123,scalar
events.out.tfevents.1771950289.0b5e3829cdda.1883.0,eval/loss,240,1771961851.4481335,0.39907902479171753,scalar
events.out.tfevents.1771950289.0b5e3829cdda.1883.0,eval/loss,250,1771962327.575876,0.40228188037872314,scalar
events.out.tfevents.1771950289.0b5e3829cdda.1883.0,eval/loss,260,1771962803.2855616,0.3972116708755493,scalar
events.out.tfevents.1771950289.0b5e3829cdda.1883.0,eval/loss,270,1771963279.412607,0.39385655522346497,scalar
events.out.tfevents.1771950289.0b5e3829cdda.1883.0,eval/loss,280,1771963756.930565,0.3945915102958679,scalar
events.out.tfevents.1771950289.0b5e3829cdda.1883.0,eval/loss,290,1771964265.7149744,0.3958594799041748,scalar
events.out.tfevents.1771950289.0b5e3829cdda.1883.0,eval/loss,300,1771964741.639647,0.394418329000473,scalar
events.out.tfevents.1771950289.0b5e3829cdda.1883.0,eval/loss,310,1771965222.672771,0.39223384857177734,scalar
events.out.tfevents.1771950289.0b5e3829cdda.1883.0,eval/loss,320,1771965702.0433447,0.3914940357208252,scalar
events.out.tfevents.1771950289.0b5e3829cdda.1883.0,eval/loss,330,1771966214.712956,0.3908954858779907,scalar
events.out.tfevents.1771950289.0b5e3829cdda.1883.0,eval/loss,340,1771966710.3102121,0.3896959722042084,scalar
events.out.tfevents.1771950289.0b5e3829cdda.1883.0,eval/loss,350,1771967206.371893,0.3899107873439789,scalar
events.out.tfevents.1771950289.0b5e3829cdda.1883.0,eval/loss,360,1771967699.4633977,0.38977932929992676,scalar
events.out.tfevents.1771950289.0b5e3829cdda.1883.0,eval/loss,370,1771968191.6389604,0.38948264718055725,scalar
events.out.tfevents.1771950289.0b5e3829cdda.1883.0,eval/runtime,10,1771950771.7809725,27.125699996948242,scalar
events.out.tfevents.1771950289.0b5e3829cdda.1883.0,eval/runtime,20,1771951249.9695153,27.010900497436523,scalar
events.out.tfevents.1771950289.0b5e3829cdda.1883.0,eval/runtime,30,1771951731.13129,27.450599670410156,scalar
events.out.tfevents.1771950289.0b5e3829cdda.1883.0,eval/runtime,40,1771952212.6035647,27.623600006103516,scalar
events.out.tfevents.1771950289.0b5e3829cdda.1883.0,eval/runtime,50,1771952718.7824097,27.29360008239746,scalar
events.out.tfevents.1771950289.0b5e3829cdda.1883.0,eval/runtime,60,1771953192.054472,27.561800003051758,scalar
events.out.tfevents.1771950289.0b5e3829cdda.1883.0,eval/runtime,70,1771953665.0696816,27.15089988708496,scalar
events.out.tfevents.1771950289.0b5e3829cdda.1883.0,eval/runtime,80,1771954137.6634116,27.109500885009766,scalar
events.out.tfevents.1771950289.0b5e3829cdda.1883.0,eval/runtime,90,1771954610.8191082,27.037799835205078,scalar
events.out.tfevents.1771950289.0b5e3829cdda.1883.0,eval/runtime,100,1771955113.7673151,27.120800018310547,scalar
events.out.tfevents.1771950289.0b5e3829cdda.1883.0,eval/runtime,110,1771955586.2434342,27.06220054626465,scalar
events.out.tfevents.1771950289.0b5e3829cdda.1883.0,eval/runtime,120,1771956058.5782664,27.516700744628906,scalar
events.out.tfevents.1771950289.0b5e3829cdda.1883.0,eval/runtime,130,1771956531.0157166,27.256799697875977,scalar
events.out.tfevents.1771950289.0b5e3829cdda.1883.0,eval/runtime,140,1771957002.5967526,27.091800689697266,scalar
events.out.tfevents.1771950289.0b5e3829cdda.1883.0,eval/runtime,150,1771957505.6417046,27.18939971923828,scalar
events.out.tfevents.1771950289.0b5e3829cdda.1883.0,eval/runtime,160,1771957979.6752787,27.125900268554688,scalar
events.out.tfevents.1771950289.0b5e3829cdda.1883.0,eval/runtime,170,1771958451.8721712,27.126100540161133,scalar
events.out.tfevents.1771950289.0b5e3829cdda.1883.0,eval/runtime,180,1771958923.5338798,27.483400344848633,scalar
events.out.tfevents.1771950289.0b5e3829cdda.1883.0,eval/runtime,190,1771959427.4914494,27.666400909423828,scalar
events.out.tfevents.1771950289.0b5e3829cdda.1883.0,eval/runtime,200,1771959913.3033423,27.27199935913086,scalar
events.out.tfevents.1771950289.0b5e3829cdda.1883.0,eval/runtime,210,1771960388.6911974,27.236099243164062,scalar
events.out.tfevents.1771950289.0b5e3829cdda.1883.0,eval/runtime,220,1771960865.49731,27.24690055847168,scalar
events.out.tfevents.1771950289.0b5e3829cdda.1883.0,eval/runtime,230,1771961341.6538193,27.33679962158203,scalar
events.out.tfevents.1771950289.0b5e3829cdda.1883.0,eval/runtime,240,1771961851.4481752,27.350500106811523,scalar
events.out.tfevents.1771950289.0b5e3829cdda.1883.0,eval/runtime,250,1771962327.5759385,27.809200286865234,scalar
events.out.tfevents.1771950289.0b5e3829cdda.1883.0,eval/runtime,260,1771962803.2856042,27.309999465942383,scalar
events.out.tfevents.1771950289.0b5e3829cdda.1883.0,eval/runtime,270,1771963279.4126487,27.33650016784668,scalar
events.out.tfevents.1771950289.0b5e3829cdda.1883.0,eval/runtime,280,1771963756.930609,27.471799850463867,scalar
events.out.tfevents.1771950289.0b5e3829cdda.1883.0,eval/runtime,290,1771964265.7150156,27.399599075317383,scalar
events.out.tfevents.1771950289.0b5e3829cdda.1883.0,eval/runtime,300,1771964741.6396875,27.17919921875,scalar
events.out.tfevents.1771950289.0b5e3829cdda.1883.0,eval/runtime,310,1771965222.6728144,27.123699188232422,scalar
events.out.tfevents.1771950289.0b5e3829cdda.1883.0,eval/runtime,320,1771965702.0433846,27.712900161743164,scalar
events.out.tfevents.1771950289.0b5e3829cdda.1883.0,eval/runtime,330,1771966214.712996,27.725400924682617,scalar
events.out.tfevents.1771950289.0b5e3829cdda.1883.0,eval/runtime,340,1771966710.310259,27.491600036621094,scalar
events.out.tfevents.1771950289.0b5e3829cdda.1883.0,eval/runtime,350,1771967206.3719335,27.26219940185547,scalar
events.out.tfevents.1771950289.0b5e3829cdda.1883.0,eval/runtime,360,1771967699.4634416,27.094900131225586,scalar
events.out.tfevents.1771950289.0b5e3829cdda.1883.0,eval/runtime,370,1771968191.6390185,26.941699981689453,scalar
events.out.tfevents.1771950289.0b5e3829cdda.1883.0,eval/samples_per_second,10,1771950771.780996,1.843000054359436,scalar
events.out.tfevents.1771950289.0b5e3829cdda.1883.0,eval/samples_per_second,20,1771951249.969531,1.8509999513626099,scalar
events.out.tfevents.1771950289.0b5e3829cdda.1883.0,eval/samples_per_second,30,1771951731.1313057,1.8209999799728394,scalar
events.out.tfevents.1771950289.0b5e3829cdda.1883.0,eval/samples_per_second,40,1771952212.6035802,1.809999942779541,scalar
events.out.tfevents.1771950289.0b5e3829cdda.1883.0,eval/samples_per_second,50,1771952718.7824256,1.8320000171661377,scalar
events.out.tfevents.1771950289.0b5e3829cdda.1883.0,eval/samples_per_second,60,1771953192.0544882,1.8140000104904175,scalar
events.out.tfevents.1771950289.0b5e3829cdda.1883.0,eval/samples_per_second,70,1771953665.0696983,1.8420000076293945,scalar
events.out.tfevents.1771950289.0b5e3829cdda.1883.0,eval/samples_per_second,80,1771954137.6634266,1.843999981880188,scalar
events.out.tfevents.1771950289.0b5e3829cdda.1883.0,eval/samples_per_second,90,1771954610.8191237,1.8489999771118164,scalar
events.out.tfevents.1771950289.0b5e3829cdda.1883.0,eval/samples_per_second,100,1771955113.7673314,1.843999981880188,scalar
events.out.tfevents.1771950289.0b5e3829cdda.1883.0,eval/samples_per_second,110,1771955586.2434506,1.8480000495910645,scalar
events.out.tfevents.1771950289.0b5e3829cdda.1883.0,eval/samples_per_second,120,1771956058.5782826,1.8170000314712524,scalar
events.out.tfevents.1771950289.0b5e3829cdda.1883.0,eval/samples_per_second,130,1771956531.0157332,1.8339999914169312,scalar
events.out.tfevents.1771950289.0b5e3829cdda.1883.0,eval/samples_per_second,140,1771957002.596769,1.8459999561309814,scalar
events.out.tfevents.1771950289.0b5e3829cdda.1883.0,eval/samples_per_second,150,1771957505.6417208,1.8389999866485596,scalar
events.out.tfevents.1771950289.0b5e3829cdda.1883.0,eval/samples_per_second,160,1771957979.6752942,1.843000054359436,scalar
events.out.tfevents.1771950289.0b5e3829cdda.1883.0,eval/samples_per_second,170,1771958451.8721874,1.843000054359436,scalar
events.out.tfevents.1771950289.0b5e3829cdda.1883.0,eval/samples_per_second,180,1771958923.533903,1.819000005722046,scalar
events.out.tfevents.1771950289.0b5e3829cdda.1883.0,eval/samples_per_second,190,1771959427.4914653,1.8070000410079956,scalar
events.out.tfevents.1771950289.0b5e3829cdda.1883.0,eval/samples_per_second,200,1771959913.3033583,1.8329999446868896,scalar
events.out.tfevents.1771950289.0b5e3829cdda.1883.0,eval/samples_per_second,210,1771960388.6912131,1.8359999656677246,scalar
events.out.tfevents.1771950289.0b5e3829cdda.1883.0,eval/samples_per_second,220,1771960865.4973261,1.8350000381469727,scalar
events.out.tfevents.1771950289.0b5e3829cdda.1883.0,eval/samples_per_second,230,1771961341.6538358,1.8289999961853027,scalar
events.out.tfevents.1771950289.0b5e3829cdda.1883.0,eval/samples_per_second,240,1771961851.448191,1.8279999494552612,scalar
events.out.tfevents.1771950289.0b5e3829cdda.1883.0,eval/samples_per_second,250,1771962327.575956,1.7979999780654907,scalar
events.out.tfevents.1771950289.0b5e3829cdda.1883.0,eval/samples_per_second,260,1771962803.285621,1.8309999704360962,scalar
events.out.tfevents.1771950289.0b5e3829cdda.1883.0,eval/samples_per_second,270,1771963279.4126642,1.8289999961853027,scalar
events.out.tfevents.1771950289.0b5e3829cdda.1883.0,eval/samples_per_second,280,1771963756.9306245,1.8200000524520874,scalar
events.out.tfevents.1771950289.0b5e3829cdda.1883.0,eval/samples_per_second,290,1771964265.7150316,1.8250000476837158,scalar
events.out.tfevents.1771950289.0b5e3829cdda.1883.0,eval/samples_per_second,300,1771964741.6397033,1.840000033378601,scalar
events.out.tfevents.1771950289.0b5e3829cdda.1883.0,eval/samples_per_second,310,1771965222.672831,1.843000054359436,scalar
events.out.tfevents.1771950289.0b5e3829cdda.1883.0,eval/samples_per_second,320,1771965702.043401,1.8040000200271606,scalar
events.out.tfevents.1771950289.0b5e3829cdda.1883.0,eval/samples_per_second,330,1771966214.713012,1.8029999732971191,scalar
events.out.tfevents.1771950289.0b5e3829cdda.1883.0,eval/samples_per_second,340,1771966710.3102815,1.819000005722046,scalar
events.out.tfevents.1771950289.0b5e3829cdda.1883.0,eval/samples_per_second,350,1771967206.3719492,1.8339999914169312,scalar
events.out.tfevents.1771950289.0b5e3829cdda.1883.0,eval/samples_per_second,360,1771967699.4634583,1.8450000286102295,scalar
events.out.tfevents.1771950289.0b5e3829cdda.1883.0,eval/samples_per_second,370,1771968191.6390426,1.8559999465942383,scalar
events.out.tfevents.1771950289.0b5e3829cdda.1883.0,eval/steps_per_second,10,1771950771.7810166,1.843000054359436,scalar
events.out.tfevents.1771950289.0b5e3829cdda.1883.0,eval/steps_per_second,20,1771951249.969544,1.8509999513626099,scalar
events.out.tfevents.1771950289.0b5e3829cdda.1883.0,eval/steps_per_second,30,1771951731.1313188,1.8209999799728394,scalar
events.out.tfevents.1771950289.0b5e3829cdda.1883.0,eval/steps_per_second,40,1771952212.603593,1.809999942779541,scalar
events.out.tfevents.1771950289.0b5e3829cdda.1883.0,eval/steps_per_second,50,1771952718.7824385,1.8320000171661377,scalar
events.out.tfevents.1771950289.0b5e3829cdda.1883.0,eval/steps_per_second,60,1771953192.0545013,1.8140000104904175,scalar
events.out.tfevents.1771950289.0b5e3829cdda.1883.0,eval/steps_per_second,70,1771953665.0697114,1.8420000076293945,scalar
events.out.tfevents.1771950289.0b5e3829cdda.1883.0,eval/steps_per_second,80,1771954137.6634393,1.843999981880188,scalar
events.out.tfevents.1771950289.0b5e3829cdda.1883.0,eval/steps_per_second,90,1771954610.819137,1.8489999771118164,scalar
events.out.tfevents.1771950289.0b5e3829cdda.1883.0,eval/steps_per_second,100,1771955113.7673447,1.843999981880188,scalar
events.out.tfevents.1771950289.0b5e3829cdda.1883.0,eval/steps_per_second,110,1771955586.2434635,1.8480000495910645,scalar
events.out.tfevents.1771950289.0b5e3829cdda.1883.0,eval/steps_per_second,120,1771956058.5782957,1.8170000314712524,scalar
events.out.tfevents.1771950289.0b5e3829cdda.1883.0,eval/steps_per_second,130,1771956531.0157468,1.8339999914169312,scalar
events.out.tfevents.1771950289.0b5e3829cdda.1883.0,eval/steps_per_second,140,1771957002.5967824,1.8459999561309814,scalar
events.out.tfevents.1771950289.0b5e3829cdda.1883.0,eval/steps_per_second,150,1771957505.641734,1.8389999866485596,scalar
events.out.tfevents.1771950289.0b5e3829cdda.1883.0,eval/steps_per_second,160,1771957979.6753078,1.843000054359436,scalar
events.out.tfevents.1771950289.0b5e3829cdda.1883.0,eval/steps_per_second,170,1771958451.8722007,1.843000054359436,scalar
events.out.tfevents.1771950289.0b5e3829cdda.1883.0,eval/steps_per_second,180,1771958923.5339167,1.819000005722046,scalar
events.out.tfevents.1771950289.0b5e3829cdda.1883.0,eval/steps_per_second,190,1771959427.4914775,1.8070000410079956,scalar
events.out.tfevents.1771950289.0b5e3829cdda.1883.0,eval/steps_per_second,200,1771959913.3033712,1.8329999446868896,scalar
events.out.tfevents.1771950289.0b5e3829cdda.1883.0,eval/steps_per_second,210,1771960388.6912265,1.8359999656677246,scalar
events.out.tfevents.1771950289.0b5e3829cdda.1883.0,eval/steps_per_second,220,1771960865.4973388,1.8350000381469727,scalar
events.out.tfevents.1771950289.0b5e3829cdda.1883.0,eval/steps_per_second,230,1771961341.6538641,1.8289999961853027,scalar
events.out.tfevents.1771950289.0b5e3829cdda.1883.0,eval/steps_per_second,240,1771961851.4482033,1.8279999494552612,scalar
events.out.tfevents.1771950289.0b5e3829cdda.1883.0,eval/steps_per_second,250,1771962327.5759697,1.7979999780654907,scalar
events.out.tfevents.1771950289.0b5e3829cdda.1883.0,eval/steps_per_second,260,1771962803.2856345,1.8309999704360962,scalar
events.out.tfevents.1771950289.0b5e3829cdda.1883.0,eval/steps_per_second,270,1771963279.412677,1.8289999961853027,scalar
events.out.tfevents.1771950289.0b5e3829cdda.1883.0,eval/steps_per_second,280,1771963756.9306374,1.8200000524520874,scalar
events.out.tfevents.1771950289.0b5e3829cdda.1883.0,eval/steps_per_second,290,1771964265.715045,1.8250000476837158,scalar
events.out.tfevents.1771950289.0b5e3829cdda.1883.0,eval/steps_per_second,300,1771964741.639716,1.840000033378601,scalar
events.out.tfevents.1771950289.0b5e3829cdda.1883.0,eval/steps_per_second,310,1771965222.6728556,1.843000054359436,scalar
events.out.tfevents.1771950289.0b5e3829cdda.1883.0,eval/steps_per_second,320,1771965702.0434144,1.8040000200271606,scalar
events.out.tfevents.1771950289.0b5e3829cdda.1883.0,eval/steps_per_second,330,1771966214.713025,1.8029999732971191,scalar
events.out.tfevents.1771950289.0b5e3829cdda.1883.0,eval/steps_per_second,340,1771966710.3103023,1.819000005722046,scalar
events.out.tfevents.1771950289.0b5e3829cdda.1883.0,eval/steps_per_second,350,1771967206.3719697,1.8339999914169312,scalar
events.out.tfevents.1771950289.0b5e3829cdda.1883.0,eval/steps_per_second,360,1771967699.4634717,1.8450000286102295,scalar
events.out.tfevents.1771950289.0b5e3829cdda.1883.0,eval/steps_per_second,370,1771968191.6390622,1.8559999465942383,scalar
events.out.tfevents.1771950289.0b5e3829cdda.1883.0,eval/entropy,10,1771950771.781035,1.1747844219207764,scalar
events.out.tfevents.1771950289.0b5e3829cdda.1883.0,eval/entropy,20,1771951249.9695551,1.2569886445999146,scalar
events.out.tfevents.1771950289.0b5e3829cdda.1883.0,eval/entropy,30,1771951731.1313314,1.2909817695617676,scalar
events.out.tfevents.1771950289.0b5e3829cdda.1883.0,eval/entropy,40,1771952212.6036046,1.2887693643569946,scalar
events.out.tfevents.1771950289.0b5e3829cdda.1883.0,eval/entropy,50,1771952718.7824495,1.2277956008911133,scalar
events.out.tfevents.1771950289.0b5e3829cdda.1883.0,eval/entropy,60,1771953192.0545132,1.165877342224121,scalar
events.out.tfevents.1771950289.0b5e3829cdda.1883.0,eval/entropy,70,1771953665.0697231,1.214563250541687,scalar
events.out.tfevents.1771950289.0b5e3829cdda.1883.0,eval/entropy,80,1771954137.6634514,1.2991790771484375,scalar
events.out.tfevents.1771950289.0b5e3829cdda.1883.0,eval/entropy,90,1771954610.8191485,1.3083293437957764,scalar
events.out.tfevents.1771950289.0b5e3829cdda.1883.0,eval/entropy,100,1771955113.7673566,1.2871371507644653,scalar
events.out.tfevents.1771950289.0b5e3829cdda.1883.0,eval/entropy,110,1771955586.243475,1.2665787935256958,scalar
events.out.tfevents.1771950289.0b5e3829cdda.1883.0,eval/entropy,120,1771956058.5783076,1.2709147930145264,scalar
events.out.tfevents.1771950289.0b5e3829cdda.1883.0,eval/entropy,130,1771956531.0157583,1.2734462022781372,scalar
events.out.tfevents.1771950289.0b5e3829cdda.1883.0,eval/entropy,140,1771957002.5967944,1.2570691108703613,scalar
events.out.tfevents.1771950289.0b5e3829cdda.1883.0,eval/entropy,150,1771957505.641745,1.2293214797973633,scalar
events.out.tfevents.1771950289.0b5e3829cdda.1883.0,eval/entropy,160,1771957979.6753192,1.2300090789794922,scalar
events.out.tfevents.1771950289.0b5e3829cdda.1883.0,eval/entropy,170,1771958451.872213,1.2217016220092773,scalar
events.out.tfevents.1771950289.0b5e3829cdda.1883.0,eval/entropy,180,1771958923.5339284,1.2282459735870361,scalar
events.out.tfevents.1771950289.0b5e3829cdda.1883.0,eval/entropy,190,1771959427.4914904,1.2291159629821777,scalar
events.out.tfevents.1771950289.0b5e3829cdda.1883.0,eval/entropy,200,1771959913.303383,1.2381831407546997,scalar
events.out.tfevents.1771950289.0b5e3829cdda.1883.0,eval/entropy,210,1771960388.6912384,1.2337397336959839,scalar
events.out.tfevents.1771950289.0b5e3829cdda.1883.0,eval/entropy,220,1771960865.4973505,1.22557532787323,scalar
events.out.tfevents.1771950289.0b5e3829cdda.1883.0,eval/entropy,230,1771961341.6538782,1.2357213497161865,scalar
events.out.tfevents.1771950289.0b5e3829cdda.1883.0,eval/entropy,240,1771961851.448214,1.213380217552185,scalar
events.out.tfevents.1771950289.0b5e3829cdda.1883.0,eval/entropy,250,1771962327.5759819,1.2101831436157227,scalar
events.out.tfevents.1771950289.0b5e3829cdda.1883.0,eval/entropy,260,1771962803.2856472,1.2255409955978394,scalar
events.out.tfevents.1771950289.0b5e3829cdda.1883.0,eval/entropy,270,1771963279.412689,1.2107020616531372,scalar
events.out.tfevents.1771950289.0b5e3829cdda.1883.0,eval/entropy,280,1771963756.9306486,1.2099158763885498,scalar
events.out.tfevents.1771950289.0b5e3829cdda.1883.0,eval/entropy,290,1771964265.7150564,1.2084742784500122,scalar
events.out.tfevents.1771950289.0b5e3829cdda.1883.0,eval/entropy,300,1771964741.6397269,1.1992141008377075,scalar
events.out.tfevents.1771950289.0b5e3829cdda.1883.0,eval/entropy,310,1771965222.672868,1.205394983291626,scalar
events.out.tfevents.1771950289.0b5e3829cdda.1883.0,eval/entropy,320,1771965702.0434258,1.2017199993133545,scalar
events.out.tfevents.1771950289.0b5e3829cdda.1883.0,eval/entropy,330,1771966214.713036,1.2009174823760986,scalar
events.out.tfevents.1771950289.0b5e3829cdda.1883.0,eval/entropy,340,1771966710.3103182,1.2014378309249878,scalar
events.out.tfevents.1771950289.0b5e3829cdda.1883.0,eval/entropy,350,1771967206.371982,1.1989279985427856,scalar
events.out.tfevents.1771950289.0b5e3829cdda.1883.0,eval/entropy,360,1771967699.463484,1.1929770708084106,scalar
events.out.tfevents.1771950289.0b5e3829cdda.1883.0,eval/entropy,370,1771968191.6390805,1.198167324066162,scalar
events.out.tfevents.1771950289.0b5e3829cdda.1883.0,eval/num_tokens,10,1771950771.7810538,275517.0,scalar
events.out.tfevents.1771950289.0b5e3829cdda.1883.0,eval/num_tokens,20,1771951249.9695656,551037.0,scalar
events.out.tfevents.1771950289.0b5e3829cdda.1883.0,eval/num_tokens,30,1771951731.1313434,826545.0,scalar
events.out.tfevents.1771950289.0b5e3829cdda.1883.0,eval/num_tokens,40,1771952212.603615,1102057.0,scalar
events.out.tfevents.1771950289.0b5e3829cdda.1883.0,eval/num_tokens,50,1771952718.78246,1374131.0,scalar
events.out.tfevents.1771950289.0b5e3829cdda.1883.0,eval/num_tokens,60,1771953192.054524,1649641.0,scalar
events.out.tfevents.1771950289.0b5e3829cdda.1883.0,eval/num_tokens,70,1771953665.069734,1925157.0,scalar
events.out.tfevents.1771950289.0b5e3829cdda.1883.0,eval/num_tokens,80,1771954137.6634624,2200674.0,scalar
events.out.tfevents.1771950289.0b5e3829cdda.1883.0,eval/num_tokens,90,1771954610.81916,2476190.0,scalar
events.out.tfevents.1771950289.0b5e3829cdda.1883.0,eval/num_tokens,100,1771955113.7673676,2748263.0,scalar
events.out.tfevents.1771950289.0b5e3829cdda.1883.0,eval/num_tokens,110,1771955586.2434862,3023779.0,scalar
events.out.tfevents.1771950289.0b5e3829cdda.1883.0,eval/num_tokens,120,1771956058.5783188,3299289.0,scalar
events.out.tfevents.1771950289.0b5e3829cdda.1883.0,eval/num_tokens,130,1771956531.0157695,3574806.0,scalar
events.out.tfevents.1771950289.0b5e3829cdda.1883.0,eval/num_tokens,140,1771957002.5968058,3850323.0,scalar
events.out.tfevents.1771950289.0b5e3829cdda.1883.0,eval/num_tokens,150,1771957505.641756,4122395.0,scalar
events.out.tfevents.1771950289.0b5e3829cdda.1883.0,eval/num_tokens,160,1771957979.6753306,4397912.0,scalar
events.out.tfevents.1771950289.0b5e3829cdda.1883.0,eval/num_tokens,170,1771958451.872224,4673429.0,scalar
events.out.tfevents.1771950289.0b5e3829cdda.1883.0,eval/num_tokens,180,1771958923.5339391,4948937.0,scalar
events.out.tfevents.1771950289.0b5e3829cdda.1883.0,eval/num_tokens,190,1771959427.4915013,5221012.0,scalar
events.out.tfevents.1771950289.0b5e3829cdda.1883.0,eval/num_tokens,200,1771959913.303394,5496528.0,scalar
events.out.tfevents.1771950289.0b5e3829cdda.1883.0,eval/num_tokens,210,1771960388.69125,5772044.0,scalar
events.out.tfevents.1771950289.0b5e3829cdda.1883.0,eval/num_tokens,220,1771960865.4973612,6047561.0,scalar
events.out.tfevents.1771950289.0b5e3829cdda.1883.0,eval/num_tokens,230,1771961341.65389,6323071.0,scalar
events.out.tfevents.1771950289.0b5e3829cdda.1883.0,eval/num_tokens,240,1771961851.4482245,6595137.0,scalar
events.out.tfevents.1771950289.0b5e3829cdda.1883.0,eval/num_tokens,250,1771962327.5759933,6870657.0,scalar
events.out.tfevents.1771950289.0b5e3829cdda.1883.0,eval/num_tokens,260,1771962803.2856584,7146175.0,scalar
events.out.tfevents.1771950289.0b5e3829cdda.1883.0,eval/num_tokens,270,1771963279.4127002,7421688.0,scalar
events.out.tfevents.1771950289.0b5e3829cdda.1883.0,eval/num_tokens,280,1771963756.9306593,7697203.0,scalar
events.out.tfevents.1771950289.0b5e3829cdda.1883.0,eval/num_tokens,290,1771964265.7150683,7969277.0,scalar
events.out.tfevents.1771950289.0b5e3829cdda.1883.0,eval/num_tokens,300,1771964741.6397376,8244795.0,scalar
events.out.tfevents.1771950289.0b5e3829cdda.1883.0,eval/num_tokens,310,1771965222.6728795,8520306.0,scalar
events.out.tfevents.1771950289.0b5e3829cdda.1883.0,eval/num_tokens,320,1771965702.0434368,8795818.0,scalar
events.out.tfevents.1771950289.0b5e3829cdda.1883.0,eval/num_tokens,330,1771966214.7130463,9067891.0,scalar
events.out.tfevents.1771950289.0b5e3829cdda.1883.0,eval/num_tokens,340,1771966710.3103302,9343406.0,scalar
events.out.tfevents.1771950289.0b5e3829cdda.1883.0,eval/num_tokens,350,1771967206.371993,9618919.0,scalar
events.out.tfevents.1771950289.0b5e3829cdda.1883.0,eval/num_tokens,360,1771967699.4634957,9894430.0,scalar
events.out.tfevents.1771950289.0b5e3829cdda.1883.0,eval/num_tokens,370,1771968191.6390975,10169948.0,scalar
events.out.tfevents.1771950289.0b5e3829cdda.1883.0,eval/mean_token_accuracy,10,1771950771.781067,0.7593043446540833,scalar
events.out.tfevents.1771950289.0b5e3829cdda.1883.0,eval/mean_token_accuracy,20,1771951249.9695756,0.7883478403091431,scalar
events.out.tfevents.1771950289.0b5e3829cdda.1883.0,eval/mean_token_accuracy,30,1771951731.1313548,0.801797091960907,scalar
events.out.tfevents.1771950289.0b5e3829cdda.1883.0,eval/mean_token_accuracy,40,1771952212.6036253,0.8087536096572876,scalar
events.out.tfevents.1771950289.0b5e3829cdda.1883.0,eval/mean_token_accuracy,50,1771952718.7824707,0.8135072588920593,scalar
events.out.tfevents.1771950289.0b5e3829cdda.1883.0,eval/mean_token_accuracy,60,1771953192.0545347,0.8166956305503845,scalar
events.out.tfevents.1771950289.0b5e3829cdda.1883.0,eval/mean_token_accuracy,70,1771953665.0697448,0.8194202780723572,scalar
events.out.tfevents.1771950289.0b5e3829cdda.1883.0,eval/mean_token_accuracy,80,1771954137.6634731,0.8224347829818726,scalar
events.out.tfevents.1771950289.0b5e3829cdda.1883.0,eval/mean_token_accuracy,90,1771954610.8191712,0.8259130716323853,scalar
events.out.tfevents.1771950289.0b5e3829cdda.1883.0,eval/mean_token_accuracy,100,1771955113.7673788,0.823536217212677,scalar
events.out.tfevents.1771950289.0b5e3829cdda.1883.0,eval/mean_token_accuracy,110,1771955586.2434967,0.8273622989654541,scalar
events.out.tfevents.1771950289.0b5e3829cdda.1883.0,eval/mean_token_accuracy,120,1771956058.5783293,0.8288695812225342,scalar
events.out.tfevents.1771950289.0b5e3829cdda.1883.0,eval/mean_token_accuracy,130,1771956531.015781,0.8297391533851624,scalar
events.out.tfevents.1771950289.0b5e3829cdda.1883.0,eval/mean_token_accuracy,140,1771957002.5968177,0.8331014513969421,scalar
events.out.tfevents.1771950289.0b5e3829cdda.1883.0,eval/mean_token_accuracy,150,1771957505.641766,0.833507239818573,scalar
events.out.tfevents.1771950289.0b5e3829cdda.1883.0,eval/mean_token_accuracy,160,1771957979.6753418,0.8333913087844849,scalar
events.out.tfevents.1771950289.0b5e3829cdda.1883.0,eval/mean_token_accuracy,170,1771958451.8722348,0.8336811661720276,scalar
events.out.tfevents.1771950289.0b5e3829cdda.1883.0,eval/mean_token_accuracy,180,1771958923.53395,0.8343768119812012,scalar
events.out.tfevents.1771950289.0b5e3829cdda.1883.0,eval/mean_token_accuracy,190,1771959427.491512,0.8370434641838074,scalar
events.out.tfevents.1771950289.0b5e3829cdda.1883.0,eval/mean_token_accuracy,200,1771959913.3034053,0.8351304531097412,scalar
events.out.tfevents.1771950289.0b5e3829cdda.1883.0,eval/mean_token_accuracy,210,1771960388.6912613,0.834260880947113,scalar
events.out.tfevents.1771950289.0b5e3829cdda.1883.0,eval/mean_token_accuracy,220,1771960865.4973714,0.8360000252723694,scalar
events.out.tfevents.1771950289.0b5e3829cdda.1883.0,eval/mean_token_accuracy,230,1771961341.6539006,0.8362898230552673,scalar
events.out.tfevents.1771950289.0b5e3829cdda.1883.0,eval/mean_token_accuracy,240,1771961851.4482348,0.8390724658966064,scalar
events.out.tfevents.1771950289.0b5e3829cdda.1883.0,eval/mean_token_accuracy,250,1771962327.5760045,0.8371593952178955,scalar
events.out.tfevents.1771950289.0b5e3829cdda.1883.0,eval/mean_token_accuracy,260,1771962803.28567,0.8365217447280884,scalar
events.out.tfevents.1771950289.0b5e3829cdda.1883.0,eval/mean_token_accuracy,270,1771963279.4127114,0.8394782543182373,scalar
events.out.tfevents.1771950289.0b5e3829cdda.1883.0,eval/mean_token_accuracy,280,1771963756.9306698,0.8394782543182373,scalar
events.out.tfevents.1771950289.0b5e3829cdda.1883.0,eval/mean_token_accuracy,290,1771964265.7150793,0.8388406038284302,scalar
events.out.tfevents.1771950289.0b5e3829cdda.1883.0,eval/mean_token_accuracy,300,1771964741.639748,0.837739109992981,scalar
events.out.tfevents.1771950289.0b5e3829cdda.1883.0,eval/mean_token_accuracy,310,1771965222.67289,0.8388406038284302,scalar
events.out.tfevents.1771950289.0b5e3829cdda.1883.0,eval/mean_token_accuracy,320,1771965702.0434475,0.8394203186035156,scalar
events.out.tfevents.1771950289.0b5e3829cdda.1883.0,eval/mean_token_accuracy,330,1771966214.713057,0.8400579690933228,scalar
events.out.tfevents.1771950289.0b5e3829cdda.1883.0,eval/mean_token_accuracy,340,1771966710.3103411,0.8396521806716919,scalar
events.out.tfevents.1771950289.0b5e3829cdda.1883.0,eval/mean_token_accuracy,350,1771967206.3720038,0.8402318954467773,scalar
events.out.tfevents.1771950289.0b5e3829cdda.1883.0,eval/mean_token_accuracy,360,1771967699.4635067,0.83976811170578,scalar
events.out.tfevents.1771950289.0b5e3829cdda.1883.0,eval/mean_token_accuracy,370,1771968191.6391137,0.8398840427398682,scalar
events.out.tfevents.1771950289.0b5e3829cdda.1883.0,train/train_runtime,376,1771968498.7633235,18209.638671875,scalar
events.out.tfevents.1771950289.0b5e3829cdda.1883.0,train/train_samples_per_second,376,1771968498.763371,0.6589999794960022,scalar
events.out.tfevents.1771950289.0b5e3829cdda.1883.0,train/train_steps_per_second,376,1771968498.763387,0.020999999716877937,scalar
events.out.tfevents.1771950289.0b5e3829cdda.1883.0,train/total_flos,376,1771968498.7634,2.6747128738165555e+17,scalar
events.out.tfevents.1771950289.0b5e3829cdda.1883.0,train/train_loss,376,1771968498.7634122,0.42882239818573,scalar
